City_ID,City,Country,Date,Lat,Lng,Max Temp,Humidity,Cloudiness,Wind Speed
0,Bam,IR,2021-03-07 21:10:36,29.106,58.357,58.62,33,0,1.1
1,Buchanan,LR,2021-03-07 21:10:37,5.8808,-10.0467,78.8,94,20,6.93
2,Vaini,TO,2021-03-07 21:10:38,-21.2,-175.2,82.4,89,75,10.36
3,Megion,RU,2021-03-07 21:10:40,61.0296,76.1136,3.2,92,0,4.47
4,Jadu,LY,2021-03-07 21:10:41,31.953,12.0261,60.69,41,1,16.46
5,Khatanga,RU,2021-03-07 21:10:42,71.9667,102.5,-28.98,85,87,7.9
6,Marystown,CA,2021-03-07 21:06:01,47.1666,-55.1483,30.52,93,91,14.09
7,Cabo San Lucas,MX,2021-03-07 21:10:04,22.8909,-109.9124,79.0,25,20,12.66
8,Mar Del Plata,AR,2021-03-07 21:10:46,-38.0023,-57.5575,78.8,47,0,10.36
9,Tuatapere,NZ,2021-03-07 21:10:47,-46.1333,167.6833,55.0,63,89,15.01
10,Kieta,PG,2021-03-07 21:10:49,-6.2167,155.6333,79.05,79,100,0.98
11,Cabedelo,BR,2021-03-07 21:10:50,-6.9811,-34.8339,80.6,89,20,6.91
12,Saint-Augustin,CA,2021-03-07 21:10:51,51.226,-58.6502,26.51,94,100,8.25
13,Punta Arenas,CL,2021-03-07 21:10:54,-53.15,-70.9167,48.2,57,20,34.52
14,Albany,US,2021-03-07 21:07:27,42.6001,-73.9662,34.0,37,53,7.0
15,Alakurtti,RU,2021-03-07 21:10:57,66.9672,30.3491,6.51,94,96,2.3
16,Velyka Oleksandrivka,UA,2021-03-07 21:11:00,47.3197,33.3037,31.95,92,22,13.87
17,Chokurdakh,RU,2021-03-07 21:11:01,70.6333,147.9167,-13.97,89,100,11.18
18,Avarua,CK,2021-03-07 21:11:02,-21.2078,-159.775,82.4,83,20,4.61
19,Busselton,AU,2021-03-07 21:11:03,-33.65,115.3333,64.0,87,100,1.01
20,Puerto Ayora,EC,2021-03-07 21:11:05,-0.7393,-90.3518,86.0,70,20,11.5
21,Viransehir,TR,2021-03-07 21:11:06,37.2353,39.7631,47.68,70,35,2.84
22,Kholodnyy,RU,2021-03-07 21:11:07,62.7167,147.95,-34.64,76,60,2.51
23,Kraslava,LV,2021-03-07 21:11:08,55.8951,27.168,25.3,96,67,12.28
24,Bredasdorp,ZA,2021-03-07 21:11:09,-34.5322,20.0403,62.6,77,100,5.75
25,San Quintin,MX,2021-03-07 21:11:11,30.4833,-115.95,60.62,65,54,12.37
26,New Norfolk,AU,2021-03-07 21:11:12,-42.7826,147.0587,54.0,85,100,2.08
27,Nikolskoye,RU,2021-03-07 21:11:14,59.7035,30.7861,21.2,86,90,11.18
28,Rocha,UY,2021-03-07 21:11:15,-34.4833,-54.3333,74.46,68,10,8.9
29,Longyan,CN,2021-03-07 21:11:16,25.1072,117.0225,57.51,85,68,1.97
30,Port Lincoln,AU,2021-03-07 21:11:17,-34.7333,135.8667,60.03,80,28,14.34
31,Coxim,BR,2021-03-07 21:08:21,-18.5067,-54.76,81.09,75,62,3.02
32,Souillac,MU,2021-03-07 21:11:20,-20.5167,57.5167,77.0,88,40,5.75
33,Saskylakh,RU,2021-03-07 21:11:21,71.9167,114.0833,-30.15,83,98,3.47
34,Morwell,AU,2021-03-07 21:11:23,-38.2333,146.4,63.0,78,95,1.99
35,Ushuaia,AR,2021-03-07 21:11:24,-54.8,-68.3,46.4,66,40,29.93
36,Leningradskiy,RU,2021-03-07 21:11:25,69.3833,178.4167,-14.44,87,100,7.94
37,Kampong Thum,KH,2021-03-07 21:07:15,12.7111,104.8887,76.17,69,30,7.87
38,Dikson,RU,2021-03-07 21:11:28,73.5069,80.5464,-17.01,88,99,9.93
39,Haines Junction,CA,2021-03-07 21:11:29,60.7522,-137.5108,21.2,53,100,9.22
40,Rikitea,PF,2021-03-07 21:11:30,-23.1203,-134.9692,80.53,79,100,19.89
41,Cape Town,ZA,2021-03-07 21:06:49,-33.9258,18.4232,62.6,72,0,12.66
42,Yellowknife,CA,2021-03-07 21:11:02,62.456,-114.3525,12.2,67,20,12.66
43,Castro,BR,2021-03-07 21:11:34,-24.7911,-50.0119,68.11,92,46,4.32
44,Tasiilaq,GL,2021-03-07 21:11:36,65.6145,-37.6368,33.8,100,75,42.57
45,Myskhako,RU,2021-03-07 21:11:37,44.6714,37.7433,28.4,64,0,8.95
46,Gallup,US,2021-03-07 21:11:38,35.5281,-108.7426,64.4,10,1,10.36
47,Saint-Philippe,RE,2021-03-07 21:11:41,-21.3585,55.7679,77.0,88,13,4.61
48,Hobart,AU,2021-03-07 21:08:30,-42.8794,147.3294,55.4,88,75,8.05
49,Grindavik,IS,2021-03-07 21:11:43,63.8424,-22.4338,41.0,93,75,20.71
50,Porosozero,RU,2021-03-07 21:11:45,62.7191,32.727,9.75,94,100,12.68
51,Atuona,PF,2021-03-07 21:11:46,-9.8,-139.0333,79.77,73,37,11.1
52,Port Alfred,ZA,2021-03-07 21:11:48,-33.5906,26.891,66.99,89,24,9.75
53,Huarmey,PE,2021-03-07 21:11:50,-10.0681,-78.1522,77.85,66,41,11.52
54,Arraial Do Cabo,BR,2021-03-07 21:11:51,-22.9661,-42.0278,75.2,83,75,5.75
55,Mataura,NZ,2021-03-07 21:11:52,-46.1927,168.8643,55.0,63,95,15.01
56,Nanortalik,GL,2021-03-07 21:11:53,60.1432,-45.2371,30.13,97,99,13.04
57,Saldanha,ZA,2021-03-07 21:11:55,-33.0117,17.9442,60.8,72,28,4.61
58,Flin Flon,CA,2021-03-07 21:11:56,54.7682,-101.865,46.4,36,20,14.97
59,Jalu,LY,2021-03-07 21:11:57,29.0331,21.5482,65.77,28,0,10.49
60,Esperance,AU,2021-03-07 21:11:58,-33.8667,121.9,62.6,94,90,4.61
61,Torbay,CA,2021-03-07 21:11:59,47.6666,-52.7314,33.01,74,75,20.71
62,Los Alamos,US,2021-03-07 21:12:01,35.8881,-106.307,62.01,20,1,9.22
63,Kizhinga,RU,2021-03-07 21:12:02,51.8462,109.9097,16.27,95,100,3.87
64,Katsuura,JP,2021-03-07 21:12:03,35.1333,140.3,44.01,93,75,9.22
65,Necochea,AR,2021-03-07 21:12:05,-38.5473,-58.7368,89.01,39,32,7.0
66,Ulladulla,AU,2021-03-07 21:12:06,-35.35,150.4667,64.4,94,0,3.44
67,Bengkulu,ID,2021-03-07 21:12:07,-3.8004,102.2655,75.02,80,97,5.97
68,Shakhovskaya,RU,2021-03-07 21:12:08,56.0283,35.5097,17.04,97,78,10.02
69,Orlovskiy,RU,2021-03-07 21:12:10,46.8714,42.0592,28.42,88,7,13.04
70,Chuy,UY,2021-03-07 21:12:11,-33.6971,-53.4616,73.08,77,19,8.93
71,Klaksvik,FO,2021-03-07 21:12:12,62.2266,-6.589,41.0,100,75,2.3
72,Launceston,AU,2021-03-07 21:12:13,-41.45,147.1667,55.99,88,90,3.44
73,Tiksi,RU,2021-03-07 21:12:15,71.6872,128.8694,-16.29,87,100,6.15
74,Poronaysk,RU,2021-03-07 21:12:16,49.2167,143.1167,-3.42,91,0,3.76
75,Bethel,US,2021-03-07 21:08:22,41.3712,-73.414,37.0,42,14,3.0
76,Ola,RU,2021-03-07 21:12:20,59.5833,151.2833,-13.68,76,3,5.3
77,Seabra,BR,2021-03-07 21:12:21,-12.4186,-41.7703,79.43,45,66,6.31
78,Sembe,CG,2021-03-07 21:11:15,1.6481,14.5806,78.57,52,100,2.82
79,Guerrero Negro,MX,2021-03-07 21:12:23,27.9769,-114.0611,65.01,55,9,14.79
80,Harrisonburg,US,2021-03-07 21:08:56,38.4496,-78.8689,48.99,54,99,5.39
81,Bajos De Haina,DO,2021-03-07 21:12:26,18.4154,-70.0332,84.2,70,20,11.5
82,West Wendover,US,2021-03-07 21:12:27,40.7391,-114.0733,53.6,30,1,6.91
83,Kapaa,US,2021-03-07 21:12:29,22.0752,-159.319,75.2,69,40,16.11
84,Beloha,MG,2021-03-07 21:12:30,-25.1667,45.05,70.25,88,0,5.64
85,Waipawa,NZ,2021-03-07 21:12:32,-41.4122,175.5153,61.0,77,75,11.5
86,Cuauhtemoc,MX,2021-03-07 21:12:33,28.4167,-106.8667,70.0,16,0,8.99
87,Mackay,AU,2021-03-07 21:12:34,-21.15,149.2,72.0,94,40,4.61
88,Kavaratti,IN,2021-03-07 21:12:35,10.5669,72.642,81.95,70,0,8.59
89,Lorengau,PG,2021-03-07 21:12:37,-2.0226,147.2712,79.66,80,100,5.17
90,Nyurba,RU,2021-03-07 21:12:38,63.2842,118.3319,12.7,96,100,3.53
91,Kahului,US,2021-03-07 21:12:40,20.8947,-156.47,80.6,54,40,20.71
92,Ponta Do Sol,PT,2021-03-07 21:12:41,32.6667,-17.1,59.0,76,57,1.01
93,Ancud,CL,2021-03-07 21:12:43,-41.8697,-73.8203,70.0,48,0,11.5
94,Ribeira Grande,PT,2021-03-07 21:12:27,38.5167,-28.7,60.8,100,75,12.66
95,Honiara,SB,2021-03-07 21:12:45,-9.4333,159.95,80.24,77,100,1.12
96,Golden,US,2021-03-07 21:09:47,39.7555,-105.2211,68.0,12,75,4.61
97,Lagoa,PT,2021-03-07 21:12:48,39.05,-27.9833,59.97,96,64,13.98
98,Beringovskiy,RU,2021-03-07 21:12:49,63.05,179.3167,19.98,92,56,17.92
99,Kaitangata,NZ,2021-03-07 21:12:50,-46.2817,169.8464,53.01,62,91,8.01
100,Christchurch,NZ,2021-03-07 21:11:08,-43.5333,172.6333,61.0,71,84,6.91
101,Luderitz,NA,2021-03-07 21:12:54,-26.6481,15.1594,66.06,69,0,16.24
102,Ponta Delgada,PT,2021-03-07 21:12:55,37.7333,-25.6667,62.6,88,40,4.61
103,Karratha,AU,2021-03-07 21:12:59,-20.7377,116.8463,80.31,80,1,8.93
104,Georgetown,MY,2021-03-07 21:10:04,5.4112,100.3354,78.8,94,20,3.44
105,Barrow,US,2021-03-07 21:13:01,71.2906,-156.7887,-14.8,70,90,16.11
106,Mount Isa,AU,2021-03-07 21:13:03,-20.7333,139.5,78.8,57,75,12.66
107,Vestmannaeyjar,IS,2021-03-07 21:13:06,63.4427,-20.2734,43.52,77,81,23.02
108,Posse,BR,2021-03-07 21:13:07,-14.0931,-46.3694,75.51,79,73,3.33
109,Buritis,BR,2021-03-07 21:13:08,-15.6178,-46.4233,76.68,79,97,1.25
110,Upernavik,GL,2021-03-07 21:12:44,72.7868,-56.1549,-19.37,83,0,12.21
111,Bay Roberts,CA,2021-03-07 21:13:11,47.5999,-53.2648,32.0,65,68,5.99
112,Hilo,US,2021-03-07 21:09:40,19.7297,-155.09,71.6,78,90,5.93
113,Port Macquarie,AU,2021-03-07 21:13:14,-31.4333,152.9167,68.0,99,15,7.25
114,Thompson,CA,2021-03-07 21:13:16,55.7435,-97.8558,39.2,70,75,5.75
115,Bras-Panon,RE,2021-03-07 21:13:17,-20.9967,55.6782,78.8,83,0,5.75
116,Bredy,RU,2021-03-07 21:13:18,52.4153,60.3411,-0.24,90,13,10.29
117,Kavieng,PG,2021-03-07 21:13:20,-2.5744,150.7967,80.74,77,100,5.08
118,Ahipara,NZ,2021-03-07 21:13:21,-35.1667,173.1667,65.17,66,93,14.07
119,Lakes Entrance,AU,2021-03-07 21:13:23,-37.8811,147.981,64.99,70,100,1.01
120,Keetmanshoop,NA,2021-03-07 21:13:25,-26.5833,18.1333,78.8,24,2,13.8
121,Yuli,NG,2021-03-07 21:13:26,9.6989,10.2744,83.44,14,15,5.93
122,Ketchikan,US,2021-03-07 21:13:28,55.3422,-131.6461,44.6,70,90,10.36
123,Texarkana,US,2021-03-07 21:13:30,33.4251,-94.0477,66.2,26,1,10.36
124,East London,ZA,2021-03-07 21:13:32,-33.0153,27.9116,69.98,81,60,6.15
125,Kamarion,GR,2021-03-07 21:13:34,36.8,25.8167,53.01,68,0,3.0
126,Bambous Virieux,MU,2021-03-07 21:12:49,-20.3428,57.7575,80.01,88,40,5.75
127,Nador,MA,2021-03-07 21:12:36,35.174,-2.9287,59.0,77,0,8.05
128,Kodiak,US,2021-03-07 21:13:38,57.79,-152.4072,42.8,49,1,11.5
129,Alta Floresta,BR,2021-03-07 21:13:39,-9.8756,-56.0861,79.97,91,86,0.89
130,Algeciras,ES,2021-03-07 21:13:41,36.1333,-5.4505,59.0,88,2,12.66
131,Pisco,PE,2021-03-07 21:13:43,-13.7,-76.2167,78.8,65,40,24.16
132,Cape Coast,GH,2021-03-07 21:13:44,5.1053,-1.2466,81.27,85,64,12.26
133,Richards Bay,ZA,2021-03-07 21:13:45,-28.783,32.0377,73.74,84,84,7.61
134,Fort-Shevchenko,KZ,2021-03-07 21:13:47,44.5086,50.263,28.31,87,0,1.36
135,Artvin,TR,2021-03-07 21:09:29,41.1667,41.8333,39.2,93,75,3.44
136,Jamestown,US,2021-03-07 21:12:54,42.097,-79.2353,30.0,90,1,8.68
137,Pevek,RU,2021-03-07 21:13:51,69.7008,170.3133,-20.38,85,100,12.86
138,Skjervoy,NO,2021-03-07 21:13:52,70.0311,20.9714,26.6,54,40,14.03
139,Arica,CL,2021-03-07 21:13:53,-18.475,-70.3042,73.4,68,0,13.8
140,Kamaishi,JP,2021-03-07 21:13:55,39.2667,141.8833,32.47,84,13,4.92
141,Saint George,US,2021-03-07 21:12:15,37.1041,-113.5841,75.0,16,1,4.61
142,Tawang,IN,2021-03-07 21:13:59,27.5833,91.8667,35.13,84,94,1.63
143,Samarai,PG,2021-03-07 21:14:00,-10.6167,150.6667,79.7,80,100,5.53
144,Bandarbeyla,SO,2021-03-07 21:14:02,9.4942,50.8122,76.24,78,0,12.75
145,Butaritari,KI,2021-03-07 21:12:59,3.0707,172.7902,80.56,80,0,10.47
146,Atherton,GB,2021-03-07 21:14:05,53.5237,-2.4935,39.99,77,1,1.97
147,Tuktoyaktuk,CA,2021-03-07 21:14:06,69.4541,-133.0374,-18.4,76,40,14.97
148,Akhmim,EG,2021-03-07 21:14:07,26.5622,31.745,69.8,28,0,13.8
149,Puerto Quijarro,BO,2021-03-07 21:14:09,-17.7833,-57.7667,90.61,43,50,3.58
150,Glotovka,RU,2021-03-07 21:14:11,53.9491,46.7042,22.21,97,100,17.31
151,Kralendijk,BQ,2021-03-07 21:14:12,12.15,-68.2667,82.4,74,40,20.71
152,Miramar,US,2021-03-07 21:12:38,25.9873,-80.2323,75.99,46,75,17.27
153,Maniitsoq,GL,2021-03-07 21:09:54,65.4167,-52.9,21.78,95,47,15.3
154,Mahebourg,MU,2021-03-07 21:14:17,-20.4081,57.7,77.0,88,40,5.75
155,Mercedes,AR,2021-03-07 21:14:19,-34.6515,-59.4307,88.0,46,64,1.01
156,Meulaboh,ID,2021-03-07 21:14:20,4.1363,96.1285,76.82,83,90,2.08
157,Praia Da Vitoria,PT,2021-03-07 21:14:21,38.7333,-27.0667,62.6,94,75,15.37
158,Hirara,JP,2021-03-07 21:14:23,24.8,125.2833,71.04,84,63,20.78
159,Sorland,NO,2021-03-07 21:14:24,67.667,12.6934,28.4,80,75,2.3
160,Lompoc,US,2021-03-07 21:14:26,34.6391,-120.4579,59.0,62,75,8.05
161,Makhachkala,RU,2021-03-07 21:14:27,42.9764,47.5024,37.4,65,75,11.18
162,Owando,CG,2021-03-07 21:14:28,-0.4819,15.8999,75.63,74,100,3.4
163,Eureka,US,2021-03-07 21:13:28,40.8021,-124.1637,54.0,71,1,16.11
164,Padang,ID,2021-03-07 21:13:30,-0.9492,100.3543,73.4,100,40,2.3
165,Hermanus,ZA,2021-03-07 21:12:28,-34.4187,19.2345,61.0,90,97,7.49
166,Firovo,RU,2021-03-07 21:14:33,57.4814,33.7021,17.37,94,78,12.24
167,Namatanai,PG,2021-03-07 21:14:34,-3.6667,152.4333,79.48,78,100,5.21
168,Winburg,ZA,2021-03-07 21:14:36,-28.518,27.0093,61.75,38,16,4.12
169,Port Hardy,CA,2021-03-07 21:14:37,50.6996,-127.4199,46.4,71,75,14.97
170,Saint-Francois,FR,2021-03-07 21:14:38,46.4154,3.9054,45.0,93,90,3.44
171,Inuvik,CA,2021-03-07 21:14:39,68.3499,-133.7218,-14.8,76,44,6.91
172,Faanui,PF,2021-03-07 21:14:41,-16.4833,-151.75,81.9,76,100,19.82
173,Svetlogorsk,BY,2021-03-07 21:14:43,52.6333,29.7333,30.42,98,100,9.62
174,Pedernales,DO,2021-03-07 21:14:45,18.0384,-71.744,83.62,58,6,4.38
175,Linxia,CN,2021-03-07 21:14:46,35.6003,103.2064,37.42,71,1,2.62
176,Gunjur,GM,2021-03-07 21:14:47,13.2019,-16.7339,73.4,60,0,12.66
177,Hlyboka,UA,2021-03-07 21:14:49,48.0897,25.9293,34.0,65,12,6.91
178,Broken Hill,AU,2021-03-07 21:14:50,-31.95,141.4333,71.6,33,75,6.91
179,Bluff,NZ,2021-03-07 21:14:51,-46.6,168.3333,55.0,63,91,15.01
180,Lebu,CL,2021-03-07 21:14:23,-37.6167,-73.65,65.1,81,56,13.67
181,Verkhoyansk,RU,2021-03-07 21:14:54,67.5447,133.385,-22.97,80,96,2.64
182,Aksu,CN,2021-03-07 21:14:55,41.1231,80.2644,39.54,67,45,2.21
183,San Rafael,AR,2021-03-07 21:14:56,-34.6177,-68.3301,94.71,18,23,9.62
184,Jiuquan,CN,2021-03-07 21:14:58,39.7432,98.5174,34.48,70,0,4.38
185,Egvekinot,RU,2021-03-07 21:15:01,66.3167,-179.1667,-0.62,96,100,16.75
186,Norman Wells,CA,2021-03-07 21:15:02,65.282,-126.8329,1.4,66,75,19.57
187,Svetlaya,RU,2021-03-07 21:15:04,46.5389,138.3297,12.51,86,0,7.85
188,Qaanaaq,GL,2021-03-07 21:15:05,77.484,-69.3632,-13.99,64,0,6.49
189,Mount Gambier,AU,2021-03-07 21:15:06,-37.8333,140.7667,57.2,100,75,8.05
190,Mackenzie,CA,2021-03-07 21:15:07,55.2999,-123.1698,32.0,64,90,4.61
191,Bridlington,GB,2021-03-07 21:15:09,54.0831,-0.1919,37.99,85,100,4.56
192,Codrington,AU,2021-03-07 21:15:11,-38.2667,141.9667,57.38,92,100,8.9
193,Chifeng,CN,2021-03-07 21:15:12,42.2683,118.9636,28.94,81,39,4.94
194,Port Elizabeth,ZA,2021-03-07 21:15:13,-33.918,25.5701,68.0,88,90,9.22
195,Dong Hoi,VN,2021-03-07 21:15:18,17.4833,106.6,70.43,93,78,5.93
196,Nemuro,JP,2021-03-07 21:15:20,43.3236,145.575,26.08,88,0,16.15
197,Sioux Lookout,CA,2021-03-07 21:15:21,50.1001,-91.917,46.4,42,75,14.97
198,Sabang,ID,2021-03-07 21:15:22,5.8933,95.3214,81.9,76,91,8.72
199,Yenagoa,NG,2021-03-07 21:15:23,4.9247,6.2642,79.84,86,66,5.99
200,Mehamn,NO,2021-03-07 21:15:25,71.0357,27.8492,19.4,79,0,8.05
201,Portland,US,2021-03-07 21:15:18,45.5234,-122.6762,48.0,81,75,11.5
202,Hambantota,LK,2021-03-07 21:15:27,6.1241,81.1185,78.31,85,33,11.07
203,Smithers,CA,2021-03-07 21:15:09,54.7804,-127.1743,32.0,64,75,2.3
204,Arlit,NE,2021-03-07 21:15:30,18.7369,7.3853,82.15,14,62,5.5
205,Sao Jose Da Coroa Grande,BR,2021-03-07 21:15:31,-8.8978,-35.1478,79.92,76,0,9.4
206,Gizo,SB,2021-03-07 21:15:33,-8.103,156.8419,81.28,77,100,6.29
207,Phan Thiet,VN,2021-03-07 21:15:34,10.9333,108.1,71.37,72,28,7.38
208,Severo-Kurilsk,RU,2021-03-07 21:15:35,50.6789,156.125,15.13,91,95,25.99
209,Hobyo,SO,2021-03-07 21:15:37,5.3505,48.5268,78.33,79,41,16.58
210,Borogontsy,RU,2021-03-07 21:15:38,62.6683,131.1683,-19.68,86,100,9.82
211,Sao Filipe,CV,2021-03-07 21:15:39,14.8961,-24.4956,70.43,77,2,12.28
212,Chipinge,ZW,2021-03-07 21:15:40,-20.1883,32.6236,63.0,100,18,4.79
213,Ndele,CF,2021-03-07 21:15:42,8.4109,20.6473,78.13,18,0,2.57
214,Cururupu,BR,2021-03-07 21:15:43,-1.8283,-44.8683,76.37,93,100,3.11
215,Diamantino,BR,2021-03-07 21:15:44,-14.4086,-56.4461,75.31,91,94,1.54
216,Weihai,CN,2021-03-07 21:15:46,37.5017,122.1136,34.47,77,0,1.36
217,Caravelas,BR,2021-03-07 21:12:39,-17.7125,-39.2481,79.81,79,63,10.92
218,Bustamante,MX,2021-03-07 21:15:48,26.5333,-100.5,59.61,63,100,5.35
219,Khani,GE,2021-03-07 21:15:49,41.9563,42.9566,37.4,93,75,2.3
220,Tupik,RU,2021-03-07 21:15:50,54.4253,119.9327,6.19,92,44,4.94
221,Kirakira,SB,2021-03-07 21:14:55,-10.4544,161.9205,81.81,78,100,3.8
222,Dibulla,CO,2021-03-07 21:15:53,11.2725,-73.3091,81.88,74,83,5.46
223,Shimoda,JP,2021-03-07 21:15:54,34.6667,138.95,39.0,90,100,10.22
224,Hualmay,PE,2021-03-07 21:13:24,-11.0964,-77.6139,77.2,69,77,10.2
225,Terney,RU,2021-03-07 21:15:57,45.0503,136.6092,16.14,90,0,7.45
226,Vardo,NO,2021-03-07 21:15:58,70.3705,31.1107,24.8,68,75,9.22
227,Provideniya,RU,2021-03-07 21:16:00,64.3833,-173.3,31.89,98,100,19.44
228,Talnakh,RU,2021-03-07 21:13:22,69.4865,88.3972,-10.7,89,100,6.33
229,Gat,IL,2021-03-07 21:16:04,31.61,34.7642,55.0,100,0,1.83
230,Oranjemund,NA,2021-03-07 21:16:05,-28.55,16.4333,63.97,87,1,7.94
231,La Rioja,ES,2021-03-07 21:16:05,42.25,-2.5,46.4,87,90,8.05
232,Hithadhoo,MV,2021-03-07 21:14:45,-0.6,73.0833,83.26,68,0,9.89
233,Tshane,BW,2021-03-07 21:16:09,-24.0196,21.8684,74.89,43,22,8.46
234,Tessalit,ML,2021-03-07 21:16:11,20.1986,1.0114,81.81,15,100,9.26
235,Yilan,TW,2021-03-07 21:16:13,24.757,121.753,66.0,99,93,2.91
236,Rock Springs,US,2021-03-07 21:15:49,41.5875,-109.2029,50.0,29,1,10.36
237,Rosarito,MX,2021-03-07 21:16:15,32.3333,-117.0333,61.0,67,75,17.27
238,Carnarvon,AU,2021-03-07 21:16:17,-24.8667,113.6333,77.0,100,0,9.22
239,Anito,PH,2021-03-07 21:14:53,12.4497,125.2886,76.98,87,100,11.97
240,Batagay,RU,2021-03-07 21:16:19,67.6333,134.6333,-22.14,84,98,4.18
241,Halifax,CA,2021-03-07 21:16:20,44.6453,-63.5724,35.01,60,64,14.97
242,Kedrovyy,RU,2021-03-07 21:16:21,56.1667,91.8167,15.8,53,0,6.71
243,Lazaro Cardenas,MX,2021-03-07 21:15:03,17.9583,-102.2,84.52,52,5,12.15
244,Kamenka,RU,2021-03-07 21:16:24,51.3223,42.7678,30.99,78,100,22.86
245,Nelson Bay,AU,2021-03-07 21:15:18,-32.7167,152.15,70.0,94,0,6.49
246,Eidfjord,NO,2021-03-07 21:16:27,60.4675,7.0719,1.0,75,100,4.59
247,Palana,RU,2021-03-07 21:16:28,59.1167,159.9667,-20.29,90,100,12.82
248,Lavrentiya,RU,2021-03-07 21:16:29,65.5833,-171.0,30.15,98,100,29.95
249,Exeter,GB,2021-03-07 21:16:30,50.7236,-3.5275,32.0,82,2,4.94
250,San Patricio,US,2021-03-07 21:16:32,28.017,-97.5169,70.0,37,40,19.57
251,Ruwi,OM,2021-03-07 21:16:33,23.5996,58.5507,73.4,40,0,2.3
252,Kudahuvadhoo,MV,2021-03-07 21:16:34,2.6708,72.8944,81.99,74,0,10.47
253,Saint-Pierre,RE,2021-03-07 21:16:36,-21.3393,55.4781,77.0,88,57,4.61
254,Bathsheba,BB,2021-03-07 21:16:37,13.2167,-59.5167,80.6,61,40,23.02
255,Camacha,PT,2021-03-07 21:16:38,33.0833,-16.3333,59.0,100,75,3.44
256,Porto Novo,BJ,2021-03-07 21:16:40,6.4965,2.6036,84.2,84,20,16.11
257,Merauke,ID,2021-03-07 21:16:41,-8.4667,140.3333,76.59,89,45,7.25
258,Las Tunas,CU,2021-03-07 21:16:42,20.9617,-76.9511,93.2,31,40,8.05
259,Cockburn Town,TC,2021-03-07 21:12:51,21.4612,-71.1419,82.4,61,1,4.61
260,Fossano,IT,2021-03-07 21:16:45,44.5489,7.7201,45.0,81,90,2.3
261,Ust-Tsilma,RU,2021-03-07 21:16:46,65.441,52.1498,-19.37,87,79,4.12
262,Gladstone,AU,2021-03-07 21:16:47,-23.85,151.25,78.8,65,75,8.05
263,Matam,SN,2021-03-07 21:16:49,15.6175,-13.3303,87.24,14,3,14.92
264,Seryshevo,RU,2021-03-07 21:16:50,51.0933,128.3786,-1.77,92,0,7.76
265,Nouadhibou,MR,2021-03-07 21:16:51,20.931,-17.0347,66.2,68,0,21.85
266,Kurilsk,RU,2021-03-07 21:16:53,45.2333,147.8833,21.47,90,98,12.88
267,Vanavara,RU,2021-03-07 21:16:54,60.34,102.2797,17.29,97,100,8.08
268,Coroico,BO,2021-03-07 21:16:56,-16.1889,-67.7271,59.0,31,20,8.05
269,Constitucion,CL,2021-03-07 21:15:56,-35.3333,-72.4167,70.68,64,1,18.12
270,Sunland Park,US,2021-03-07 21:15:38,31.7965,-106.58,71.6,17,1,6.91
271,Vao,NC,2021-03-07 21:17:00,-22.6667,167.4833,75.25,78,22,18.52
272,Salalah,OM,2021-03-07 21:17:01,17.0151,54.0924,77.0,57,0,3.44
273,Hasaki,JP,2021-03-07 21:17:03,35.7333,140.8333,41.0,93,75,8.05
274,Blythe,US,2021-03-07 21:17:05,33.6103,-114.5964,80.01,19,1,11.88
275,Omboue,GA,2021-03-07 21:17:07,-1.5746,9.2618,79.18,87,0,7.45
276,Coahuayana,MX,2021-03-07 21:17:08,18.7333,-103.6833,86.0,42,1,11.5
277,Mana,GF,2021-03-07 21:17:09,5.6592,-53.7767,79.18,85,19,11.7
278,Bogatoye,RU,2021-03-07 21:17:11,53.0601,51.3325,17.8,97,100,19.28
279,Sarkand,KZ,2021-03-07 21:17:12,45.41,79.9186,30.43,78,32,4.97
280,Kerman,IR,2021-03-07 21:17:13,30.2832,57.0788,42.8,39,0,2.3
281,Angoche,MZ,2021-03-07 21:17:14,-16.2325,39.9086,77.22,87,85,6.2
282,Margate,GB,2021-03-07 21:17:16,51.3813,1.3862,37.99,71,0,3.02
283,Aripuana,BR,2021-03-07 21:17:17,-9.1667,-60.6333,86.59,67,52,2.01
284,Cidreira,BR,2021-03-07 21:17:20,-30.1811,-50.2056,74.5,68,0,7.52
285,Bubaque,GW,2021-03-07 21:15:41,11.2833,-15.8333,76.23,73,13,15.5
286,Japaratuba,BR,2021-03-07 21:17:22,-10.5933,-36.9403,82.4,74,0,13.8
287,Nhulunbuy,AU,2021-03-07 21:17:23,-12.2333,136.7667,78.8,94,75,3.44
288,Ambovombe,MG,2021-03-07 21:17:25,-25.1667,46.0833,72.55,84,2,8.08
289,Surt,LY,2021-03-07 21:17:26,31.2089,16.5887,61.3,81,0,17.96
290,Banon,ES,2021-03-07 21:17:27,40.8382,-1.1909,48.2,100,40,1.14
291,Ayan,RU,2021-03-07 21:17:29,56.45,138.1667,1.54,83,8,8.7
292,Korla,CN,2021-03-07 21:17:30,41.7597,86.1469,43.72,57,100,5.21
293,Tabora,TZ,2021-03-07 21:17:31,-5.0167,32.8,65.41,96,100,4.36
294,Marawi,PH,2021-03-07 21:17:32,7.9986,124.2928,73.0,90,88,5.99
295,Aswan,EG,2021-03-07 21:17:34,24.0934,32.907,68.14,20,0,10.58
296,Ilulissat,GL,2021-03-07 21:14:54,69.2167,-51.1,19.4,68,90,13.8
297,Cherskiy,RU,2021-03-07 21:17:36,68.75,161.3,-23.24,87,100,6.71
298,Tautira,PF,2021-03-07 21:17:38,-17.7333,-149.15,87.8,70,75,14.97
299,Kruisfontein,ZA,2021-03-07 21:17:39,-34.0033,24.7314,69.01,80,83,1.99
300,Monmouth,US,2021-03-07 21:17:41,40.3001,-74.1663,43.0,30,1,11.5
301,Saint-Georges,GD,2021-03-07 21:17:43,12.0564,-61.7485,82.4,74,20,23.02
302,Ayr,GB,2021-03-07 21:17:44,55.4627,-4.6339,44.6,87,90,6.91
303,Omsukchan,RU,2021-03-07 21:17:45,62.5333,155.8,-25.98,82,100,5.5
304,Mitsamiouli,KM,2021-03-07 21:17:48,-11.3847,43.2844,81.66,76,77,10.71
305,Paignton,GB,2021-03-07 21:17:49,50.4357,-3.5679,32.0,40,25,7.61
306,Dryden,CA,2021-03-07 21:15:10,49.7833,-92.7503,46.4,46,20,16.11
307,Asfi,MA,2021-03-07 21:17:53,32.2994,-9.2372,59.16,82,48,10.18
308,Ialibu,PG,2021-03-07 21:17:54,-6.2821,143.9935,56.01,98,99,0.72
309,Fort Madison,US,2021-03-07 21:17:56,40.6298,-91.3151,66.2,36,1,13.8
310,Shitanjing,CN,2021-03-07 21:17:57,39.2342,106.3439,37.47,76,100,2.35
311,Balykshi,KZ,2021-03-07 21:17:58,47.0667,51.8667,19.4,93,1,6.71
312,Aklavik,CA,2021-03-07 21:18:00,68.2191,-135.0107,-9.4,59,75,4.61
313,Tezu,IN,2021-03-07 21:18:01,27.9167,96.1667,64.13,37,0,4.81
314,Buala,SB,2021-03-07 21:18:03,-8.145,159.5921,81.59,77,100,6.02
315,Malanje,AO,2021-03-07 21:18:04,-9.5402,16.341,64.49,95,100,1.28
316,Pio Xii,BR,2021-03-07 21:18:05,-3.8325,-45.1525,78.53,93,56,4.59
317,Iracoubo,GF,2021-03-07 21:18:07,5.4802,-53.2011,78.84,87,61,12.77
318,Oytal,KZ,2021-03-07 21:18:08,42.9057,73.2697,39.78,77,100,0.81
319,Troitskoye,RU,2021-03-07 21:18:09,52.9821,84.6757,19.9,97,92,6.42
320,Poyarkovo,RU,2021-03-07 21:18:11,49.6,128.6833,2.23,93,29,4.29
321,Half Moon Bay,US,2021-03-07 21:16:22,37.4636,-122.4286,60.01,82,90,11.5
322,Dera Bugti,PK,2021-03-07 21:18:13,29.0307,69.151,71.22,22,0,6.11
323,Aykhal,RU,2021-03-07 21:18:15,66.0,111.5,4.19,92,100,2.77
324,Ambilobe,MG,2021-03-07 21:18:16,-13.2,49.05,74.86,95,100,2.04
325,Muravlenko,RU,2021-03-07 21:18:17,63.7898,74.523,-6.48,92,73,5.79
326,Airai,TL,2021-03-07 21:18:19,-8.9266,125.4092,58.82,100,41,0.81
327,Erzin,TR,2021-03-07 21:18:20,36.9559,36.2,57.99,78,58,4.59
328,Jelgava,LV,2021-03-07 21:18:24,56.65,23.7128,28.4,80,90,17.27
329,Clyde River,CA,2021-03-07 21:16:14,70.4692,-68.5914,-18.4,69,1,2.3
330,Murgab,TM,2021-03-07 21:18:27,37.4966,61.9714,44.6,81,72,4.61
331,Jimani,DO,2021-03-07 21:18:28,18.4917,-71.8502,86.0,62,20,11.5
332,Igarka,RU,2021-03-07 21:18:30,67.4667,86.5833,-9.92,90,94,5.84
333,Paris,FR,2021-03-07 21:18:10,48.8534,2.3488,41.0,65,0,8.05
334,Longyearbyen,SJ,2021-03-07 21:18:32,78.2186,15.6401,5.0,66,20,12.66
335,Masty,BY,2021-03-07 21:18:33,53.4122,24.5387,26.82,95,45,13.49
336,Bissau,GW,2021-03-07 21:18:36,11.8636,-15.5977,74.62,61,11,11.39
337,Kaeo,NZ,2021-03-07 21:18:37,-35.1,173.7833,66.99,69,20,5.01
338,Charyshskoye,RU,2021-03-07 21:18:38,51.3978,83.5598,22.82,88,93,4.32
339,Grand-Santi,GF,2021-03-07 21:18:40,4.25,-54.3833,78.48,91,94,3.42
340,Dzaoudzi,YT,2021-03-07 21:18:41,-12.7887,45.2699,82.4,83,0,9.22
341,Sarana,RU,2021-03-07 21:18:42,56.4773,57.7259,-1.98,92,71,4.65
342,Konolfingen,CH,2021-03-07 21:18:43,46.8791,7.6201,43.0,93,75,1.14
343,Fayaoue,NC,2021-03-07 21:18:45,-20.65,166.5333,77.83,76,5,15.73
344,Zhangjiakou,CN,2021-03-07 21:18:46,40.81,114.8794,30.42,88,15,1.95
345,Marang,MY,2021-03-07 21:18:47,5.2056,103.2059,75.2,88,40,4.61
346,San Antonio,US,2021-03-07 21:17:29,29.4241,-98.4936,69.01,37,1,8.05
347,Elat,IL,2021-03-07 21:18:51,29.5581,34.9482,62.6,55,0,10.36
348,Marquette,US,2021-03-07 21:18:53,46.5333,-87.6335,36.0,58,100,1.01
349,Lerwick,GB,2021-03-07 21:17:17,60.1545,-1.1494,41.0,75,40,11.5
350,Ulaangom,MN,2021-03-07 21:18:55,49.9811,92.0667,3.56,89,90,0.51
351,Tual,ID,2021-03-07 21:18:56,-5.6667,132.75,82.67,76,83,12.24
352,Takoradi,GH,2021-03-07 21:16:53,4.8845,-1.7554,80.87,86,31,7.94
353,Wuwei,CN,2021-03-07 21:18:59,37.9281,102.6414,35.49,72,5,1.32
354,Booue,GA,2021-03-07 21:19:00,-0.0921,11.9385,76.75,80,48,2.93
355,Cayenne,GF,2021-03-07 21:19:02,4.9333,-52.3333,80.6,83,20,5.75
356,Lujan,AR,2021-03-07 21:15:04,-34.5703,-59.105,84.99,46,45,1.01
357,Prince Rupert,CA,2021-03-07 21:17:33,54.3161,-130.3201,44.6,65,20,5.75
358,Havre-Saint-Pierre,CA,2021-03-07 21:19:06,50.2334,-63.5986,24.8,80,75,23.02
359,North Bend,US,2021-03-07 21:19:07,43.4065,-124.2243,54.0,50,1,10.36
360,Okha,RU,2021-03-07 21:19:08,53.5739,142.9478,-6.68,90,29,11.27
361,Fairview,US,2021-03-07 21:15:09,40.8126,-73.999,42.8,33,1,9.22
362,Maceio,BR,2021-03-07 21:14:20,-9.6658,-35.7353,80.6,78,0,6.91
363,Avesta,SE,2021-03-07 21:19:12,60.1455,16.1679,30.0,60,0,5.99
364,Junin,AR,2021-03-07 21:19:13,-34.5838,-60.9433,94.82,13,78,5.7
365,Kalavad,IN,2021-03-07 21:19:14,22.2167,70.3833,69.12,78,0,7.76
366,Stephenville,US,2021-03-07 21:19:16,32.2207,-98.2023,66.2,20,1,12.66
367,Lucera,IT,2021-03-07 21:19:17,41.5082,15.3351,46.4,87,40,4.61
368,Mosquera,CO,2021-03-07 21:19:18,4.7059,-74.2302,59.0,88,75,5.75
369,Veracruz,MX,2021-03-07 21:19:20,19.3333,-96.6667,79.0,50,75,12.66
370,Oum Hadjer,TD,2021-03-07 21:19:21,13.2954,19.6966,79.32,14,23,11.05
371,Ondangwa,NA,2021-03-07 21:19:22,-17.9167,15.95,80.6,47,28,8.05
372,Palu,ID,2021-03-07 21:19:24,-0.8917,119.8707,74.44,82,100,3.67
373,Mnogovershinnyy,RU,2021-03-07 21:19:25,53.9353,139.9242,-7.49,89,0,6.04
374,Sur,OM,2021-03-07 21:19:26,22.5667,59.5289,72.86,50,0,5.37
375,Husavik,IS,2021-03-07 21:15:44,66.0449,-17.3389,30.2,80,0,2.3
376,Potiskum,NG,2021-03-07 21:19:29,11.7091,11.0694,78.94,14,0,10.25
377,Poco Verde,BR,2021-03-07 21:19:30,-10.7083,-38.1833,83.89,53,19,14.76
378,Teguldet,RU,2021-03-07 21:19:33,57.3064,88.1667,7.03,95,92,5.14
379,Palmer,US,2021-03-07 21:19:34,42.1584,-72.3287,37.99,28,1,12.66
380,Pangnirtung,CA,2021-03-07 21:19:35,66.1451,-65.7125,-5.8,84,1,3.44
381,Newport,GB,2021-03-07 21:19:36,51.5877,-2.9984,34.0,81,6,5.21
382,Qiongshan,CN,2021-03-07 21:19:38,20.0058,110.3542,71.6,94,90,6.71
383,Bom Jesus Da Lapa,BR,2021-03-07 21:19:39,-13.255,-43.4181,84.92,52,85,3.11
384,Sinnamary,GF,2021-03-07 21:15:43,5.3833,-52.95,79.27,87,79,12.55
385,Tayu,ID,2021-03-07 21:19:44,-6.5397,111.0518,77.13,85,100,9.44
386,Vidim,RU,2021-03-07 21:19:45,56.4088,103.1106,13.73,95,100,11.07
387,Kurchum,KZ,2021-03-07 21:19:46,48.5722,83.6542,14.4,92,92,1.61
388,Tazovskiy,RU,2021-03-07 21:19:48,67.4667,78.7,-20.36,89,94,3.0
389,Sayyan,YE,2021-03-07 21:19:49,15.1718,44.3244,54.28,40,0,3.94
390,Kelheim,DE,2021-03-07 21:19:50,48.9167,11.8667,36.0,93,0,2.3
391,Baraki Barak,AF,2021-03-07 21:19:52,33.9675,68.9486,44.44,55,0,3.4
392,Shache,CN,2021-03-07 21:19:53,38.4167,77.2406,45.19,51,100,3.02
393,Marsh Harbour,BS,2021-03-07 21:19:54,26.5412,-77.0636,68.68,73,48,24.58
394,Victoria,HK,2021-03-07 21:19:56,22.2855,114.1577,66.0,92,84,13.89
395,Bartica,GY,2021-03-07 21:16:47,6.4,-58.6167,84.2,65,20,16.11
396,Najran,SA,2021-03-07 21:19:25,17.4924,44.1277,64.4,36,0,3.87
397,Burgersdorp,ZA,2021-03-07 21:19:59,-30.9977,26.3286,56.52,51,0,1.95
398,Mao,ES,2021-03-07 21:20:01,39.8885,4.2658,53.6,94,40,6.91
399,Geraldton,AU,2021-03-07 21:20:02,-28.7667,114.6,77.0,57,0,18.41
400,Berlevag,NO,2021-03-07 21:20:03,70.8578,29.0864,19.4,79,75,11.5
401,Ahuimanu,US,2021-03-07 21:20:05,21.4447,-157.8378,80.6,61,20,12.66
402,The Valley,AI,2021-03-07 21:16:39,18.217,-63.0578,82.4,74,75,13.8
403,Carutapera,BR,2021-03-07 21:20:07,-1.195,-46.02,77.63,90,100,6.15
404,Douglas,US,2021-03-07 21:20:08,41.3,-96.167,69.8,26,1,20.71
405,Raisio,FI,2021-03-07 21:20:11,60.4859,22.169,23.0,68,75,8.05
406,Bonavista,CA,2021-03-07 21:20:12,48.6499,-53.1147,30.99,69,32,10.36
407,Kargasok,RU,2021-03-07 21:20:13,59.0556,80.8572,10.47,95,100,8.57
408,Haapiti,PF,2021-03-07 21:20:15,-17.5667,-149.8667,87.8,70,75,14.97
409,Jamame,SO,2021-03-07 21:20:16,0.0722,42.7506,76.64,82,11,12.15
410,Thanh Hoa,VN,2021-03-07 21:20:18,19.8,105.7667,68.13,90,100,1.5
411,Sokoto,NG,2021-03-07 21:20:19,13.0609,5.239,84.09,12,37,9.8
412,Aitape,PG,2021-03-07 21:20:21,-3.1374,142.3475,76.37,85,100,2.13
413,Kaura Namoda,NG,2021-03-07 21:20:22,12.5898,6.5779,81.75,14,22,10.0
414,Greenville,US,2021-03-07 21:17:23,35.6127,-77.3663,52.0,28,1,9.22
415,Lagos,NG,2021-03-07 21:20:24,6.5833,3.75,84.2,84,20,6.91
416,Skelleftea,SE,2021-03-07 21:20:26,64.7507,20.9528,23.0,58,0,8.05
417,Coquimbo,CL,2021-03-07 21:17:56,-29.9533,-71.3436,64.4,82,75,9.22
418,Muros,ES,2021-03-07 21:20:28,42.7762,-9.0603,46.99,68,1,1.01
419,Strezhevoy,RU,2021-03-07 21:20:30,60.7333,77.5889,8.6,85,0,4.47
420,Nome,US,2021-03-07 21:20:31,64.5011,-165.4064,30.2,93,90,28.77
421,Alugan,PH,2021-03-07 21:20:32,12.2188,125.4808,78.42,83,100,14.74
422,Pacific Grove,US,2021-03-07 21:20:34,36.6177,-121.9166,57.2,62,1,11.5
423,Sampit,ID,2021-03-07 21:20:35,-2.5333,112.95,72.28,98,100,2.44
424,Alofi,NU,2021-03-07 21:20:19,-19.0595,-169.9187,82.4,89,75,6.91
425,Diego De Almagro,CL,2021-03-07 21:20:38,-26.3667,-70.05,80.49,25,0,11.12
426,Yulara,AU,2021-03-07 21:20:39,-25.2406,130.9889,71.6,49,1,8.05
427,Safaga,EG,2021-03-07 21:20:40,26.7292,33.9365,66.2,24,0,9.22
428,Nuevo Progreso,MX,2021-03-07 21:20:42,23.1667,-97.95,71.01,48,98,7.0
429,Daru,PG,2021-03-07 21:20:43,-9.0763,143.2092,76.14,88,75,6.38
430,Ridgecrest,US,2021-03-07 21:16:56,35.6225,-117.6709,66.99,27,1,2.91
431,Southbridge,US,2021-03-07 21:20:46,42.0751,-72.0334,36.0,24,0,1.99
432,Udachnyy,RU,2021-03-07 21:20:47,66.4167,112.4,2.59,92,99,1.45
433,Aden,YE,2021-03-07 21:17:52,12.7794,45.0367,78.46,65,38,9.15
434,Hervey Bay,AU,2021-03-07 21:20:50,-25.2986,152.8535,79.0,68,79,3.0
435,Skibbereen,IE,2021-03-07 21:20:51,51.55,-9.2667,41.0,87,75,5.75
436,Champerico,GT,2021-03-07 21:20:52,14.3,-91.9167,89.6,55,75,13.8
437,Phalombe,MW,2021-03-07 21:20:54,-15.8064,35.6507,65.26,94,33,3.42
438,Olafsvik,IS,2021-03-07 21:20:55,64.8945,-23.7142,39.79,77,87,17.25
439,Hollister,US,2021-03-07 21:17:55,36.8525,-121.4016,62.6,34,1,9.22
440,Havre,FR,2021-03-07 21:20:58,49.5833,0.3333,34.0,80,0,5.75
441,Kismayo,SO,2021-03-07 21:20:59,-0.3582,42.5454,78.31,81,72,17.09
442,Igreja Nova,BR,2021-03-07 21:21:00,-10.1253,-36.6619,80.82,70,18,14.16
443,Nishihara,JP,2021-03-07 21:21:02,26.1842,127.7558,66.2,88,20,5.75
444,Ciudad Guayana,VE,2021-03-07 21:21:03,8.3533,-62.6528,88.0,68,81,5.01
445,Evansville,US,2021-03-07 21:21:05,37.9748,-87.5558,60.8,29,1,5.75
446,Cove,BJ,2021-03-07 21:21:06,7.221,2.3402,82.65,73,100,10.83
447,Gobo,JP,2021-03-07 21:21:07,33.8833,135.15,44.6,87,90,9.22
448,Diffa,NE,2021-03-07 21:21:08,13.3154,12.6113,77.88,16,0,10.16
449,Fort Nelson,CA,2021-03-07 21:21:10,58.8053,-122.7002,26.6,54,20,10.36
450,Luan,CH,2021-03-07 21:21:11,46.3592,6.9759,44.6,65,20,3.44
451,Laramie,US,2021-03-07 21:21:12,41.3114,-105.5911,57.2,15,1,16.11
452,Puerto Ayacucho,VE,2021-03-07 21:21:13,5.6639,-67.6236,92.39,50,77,3.71
453,Dinkelsbuhl,DE,2021-03-07 21:21:15,49.0694,10.3199,32.0,93,1,3.44
454,Baghdad,IQ,2021-03-07 21:21:16,33.3406,44.4009,57.2,47,0,9.22
455,Port Hawkesbury,CA,2021-03-07 21:21:17,45.6169,-61.3485,30.0,50,1,10.36
456,Issia,CI,2021-03-07 21:21:19,6.4922,-6.5856,77.83,84,62,3.06
457,Bilibino,RU,2021-03-07 21:21:20,68.0546,166.4372,-24.56,79,100,2.35
458,Magole,TZ,2021-03-07 21:20:04,-6.3667,37.3667,71.04,85,100,2.64
459,Kurtamysh,RU,2021-03-07 21:21:23,54.9103,64.4319,12.11,95,79,12.3
460,Quatre Cocos,MU,2021-03-07 21:21:24,-20.2078,57.7625,80.01,88,40,5.75
461,Fare,PF,2021-03-07 21:21:25,-16.7,-151.0167,82.15,77,95,19.26
462,Kijang,KR,2021-03-07 21:21:27,35.2442,129.2139,37.4,81,0,5.75
463,Norfolk,US,2021-03-07 21:21:28,42.1668,-71.2495,37.0,34,0,6.91
464,Dakar,SN,2021-03-07 21:21:29,14.6937,-17.4441,66.2,77,0,13.8
465,Rawson,AR,2021-03-07 21:21:30,-43.3002,-65.1023,82.08,17,0,32.79
466,Dubbo,AU,2021-03-07 21:21:32,-32.25,148.6167,66.2,77,100,9.22
467,Durres,AL,2021-03-07 21:21:33,41.3231,19.4414,41.0,87,75,4.61
468,Sorong,ID,2021-03-07 21:21:36,-0.8833,131.25,79.3,80,100,4.09
469,Batemans Bay,AU,2021-03-07 21:16:38,-35.7167,150.1833,62.01,94,39,3.0
470,Batagay-Alyta,RU,2021-03-07 21:21:38,67.8006,130.4114,-17.86,78,100,2.26
471,Sola,VU,2021-03-07 21:21:39,-13.8833,167.55,80.6,94,40,7.52
472,Miri,MY,2021-03-07 21:21:41,4.4148,114.0089,77.0,100,40,2.3
473,Agadez,NE,2021-03-07 21:20:28,19.75,10.25,75.6,18,100,3.96
474,Zvishavane,ZW,2021-03-07 21:21:43,-20.3267,30.0665,67.15,75,0,3.6
475,Marsa Matruh,EG,2021-03-07 21:21:45,31.3525,27.2453,57.2,72,0,6.91
476,Kalemie,CD,2021-03-07 21:21:46,-5.9475,29.1947,70.66,87,100,12.93
477,Buseresere,TZ,2021-03-07 21:21:47,-3.0236,31.8747,63.72,95,100,5.57
478,Sitka,US,2021-03-07 21:21:49,57.0531,-135.33,44.6,70,1,5.75
479,Petropavlovsk-Kamchatskiy,RU,2021-03-07 21:21:50,53.0452,158.6483,-5.8,54,0,11.18
480,Lopukhiv,UA,2021-03-07 21:21:51,48.3653,23.9638,22.55,91,81,3.83
481,Matay,EG,2021-03-07 21:21:52,28.419,30.7792,58.19,41,0,9.13
482,Botngard,NO,2021-03-07 21:21:54,63.7653,9.8111,33.01,93,20,12.66
483,Zabaykalsk,RU,2021-03-07 21:21:55,49.6333,117.3167,8.06,95,40,3.91
484,Katobu,ID,2021-03-07 21:21:56,-4.9408,122.5276,74.23,93,100,6.4
485,Sri Aman,MY,2021-03-07 21:21:58,1.2376,111.4621,73.4,100,100,2.3
486,Rio Grande,BR,2021-03-07 21:21:59,-32.035,-52.0986,80.6,57,20,12.66
487,Nyahururu,KE,2021-03-07 21:22:00,0.0421,36.3673,54.57,75,0,8.05
488,Dingle,PH,2021-03-07 21:22:01,10.9995,122.6711,73.67,90,99,7.99
489,General Roca,AR,2021-03-07 21:20:56,-39.0333,-67.5833,84.2,34,0,10.36
490,Ust-Maya,RU,2021-03-07 21:22:04,60.4167,134.5333,-21.77,87,84,4.12
491,Umm Lajj,SA,2021-03-07 21:22:05,25.0213,37.2685,75.81,55,0,4.76
492,Great Yarmouth,GB,2021-03-07 21:22:07,52.6083,1.7305,39.2,70,2,3.44
493,San Vicente,AR,2021-03-07 21:22:08,-26.6167,-54.1333,80.74,41,0,2.89
494,Westport,US,2021-03-07 21:22:09,41.1415,-73.3579,41.0,30,1,11.5
495,Konstantinovka,RU,2021-03-07 21:22:11,49.6167,127.9833,4.46,91,0,5.91
496,Fortuna,US,2021-03-07 21:22:12,40.5982,-124.1573,54.0,62,20,11.5
497,Kangaatsiaq,GL,2021-03-07 21:22:13,68.3065,-53.4641,12.45,96,100,12.64
498,Carupano,VE,2021-03-07 21:22:15,10.6678,-63.2585,79.74,79,4,13.89
499,Borzya,RU,2021-03-07 21:22:16,50.3833,116.5167,6.35,91,1,3.15
500,Port Hedland,AU,2021-03-07 21:22:17,-20.3167,118.5667,78.8,83,60,9.22
501,Brigantine,US,2021-03-07 21:22:18,39.4101,-74.3646,44.6,26,1,13.8
502,Iralaya,HN,2021-03-07 21:22:20,15.0,-83.2333,86.0,70,40,11.99
503,Chivay,PE,2021-03-07 21:22:21,-15.6383,-71.6011,53.26,59,100,10.2
504,Yar-Sale,RU,2021-03-07 21:22:24,66.8333,70.8333,-22.77,86,91,7.96
505,Merrill,US,2021-03-07 21:22:25,45.1805,-89.6835,42.8,52,1,6.91
506,Manyana,BW,2021-03-07 21:22:26,-23.4,21.7167,72.86,47,49,3.71
507,Gornopravdinsk,RU,2021-03-07 21:22:28,60.05,69.9,7.83,95,100,4.43
508,Totness,SR,2021-03-07 21:22:29,5.8833,-56.3167,80.42,79,29,15.66
509,Washington,US,2021-03-07 21:20:11,47.5001,-120.5015,48.99,60,66,3.56
510,Klyuchi,RU,2021-03-07 21:22:33,52.2667,79.1667,20.57,96,90,11.45
511,Rio Verde De Mato Grosso,BR,2021-03-07 21:22:34,-18.9181,-54.8442,78.67,80,5,4.79
512,Harper,LR,2021-03-07 21:22:35,4.375,-7.7169,79.45,86,29,7.76
513,Wladyslawowo,PL,2021-03-07 21:22:37,54.7909,18.4009,30.0,93,0,5.75
514,Naze,JP,2021-03-07 21:22:21,28.3667,129.4833,62.62,92,60,7.34
515,Oriximina,BR,2021-03-07 21:22:39,-1.7656,-55.8661,85.98,71,100,2.59
516,Jardim,BR,2021-03-07 21:22:40,-21.4803,-56.1381,82.29,72,46,3.24
517,Comodoro Rivadavia,AR,2021-03-07 21:22:42,-45.8667,-67.5,62.6,42,40,23.02
518,Faya,SA,2021-03-07 21:22:43,18.3851,42.4509,60.8,63,0,6.91
519,Ixtapa,MX,2021-03-07 21:22:46,20.7,-105.2,80.6,65,1,12.66
520,Jiexiu,CN,2021-03-07 21:22:47,37.0244,111.9125,42.28,65,100,1.63
521,Bilma,NE,2021-03-07 21:22:48,18.6853,12.9164,76.64,15,0,6.42
522,Nenjiang,CN,2021-03-07 21:22:49,49.1833,125.2167,4.46,92,0,6.2
523,Tokmak,UA,2021-03-07 21:22:51,47.2514,35.7058,30.38,89,0,13.51
524,Sidi Ali,DZ,2021-03-07 21:22:52,36.0998,0.4206,53.53,89,95,4.23
525,Rakai,UG,2021-03-07 21:22:54,-0.72,31.4839,64.49,80,92,5.73
526,Hokitika,NZ,2021-03-07 21:22:56,-42.7167,170.9667,56.07,76,99,9.04
527,Evreux,FR,2021-03-07 21:22:57,49.0241,1.1508,34.0,74,0,6.91
528,Presidencia Roque Saenz Pena,AR,2021-03-07 21:22:58,-26.7852,-60.4388,96.01,30,0,1.99
529,Santo Antonio Do Sudoeste,BR,2021-03-07 21:23:01,-26.0736,-53.7253,78.89,62,6,1.52
530,Raver,IN,2021-03-07 21:23:02,21.25,76.0333,73.8,23,0,0.07
531,Springbok,ZA,2021-03-07 21:23:04,-29.6643,17.8865,60.58,71,0,3.38
532,Bezerros,BR,2021-03-07 21:20:27,-8.2333,-35.7969,76.32,70,0,12.44
533,Changji,CN,2021-03-07 21:23:06,44.0167,87.3167,28.4,93,75,2.24
534,Angoram,PG,2021-03-07 21:23:07,-4.0625,144.0661,72.95,98,100,2.15
535,Manoel Urbano,BR,2021-03-07 21:23:08,-8.8389,-69.2597,84.11,78,92,2.44
536,Roma,US,2021-03-07 21:23:11,43.2128,-75.4557,28.0,43,1,13.8
537,Itupiranga,BR,2021-03-07 21:23:12,-5.1347,-49.3267,80.6,89,75,2.3
538,Qandala,SO,2021-03-07 21:20:02,11.472,49.8728,76.98,62,4,5.53
539,Nola,IT,2021-03-07 21:23:16,40.922,14.5329,55.4,76,75,1.14
540,Chabahar,IR,2021-03-07 21:23:17,25.2919,60.643,71.94,61,0,9.42
541,Leshukonskoye,RU,2021-03-07 21:23:19,64.8989,45.7622,-13.52,89,33,5.91
542,Itacoatiara,BR,2021-03-07 21:23:20,-3.1431,-58.4442,85.5,72,89,2.84
543,Deyang,CN,2021-03-07 21:23:24,31.1302,104.382,53.01,1,69,5.26
544,Agua Dulce,MX,2021-03-07 21:22:41,18.1333,-94.1333,73.4,88,90,6.91
545,Tura,IN,2021-03-07 21:23:29,25.5198,90.2201,64.89,41,0,3.29
546,Barcelos,PT,2021-03-07 21:23:30,41.5388,-8.6151,52.0,87,0,3.0
547,Yerbogachen,RU,2021-03-07 21:23:33,61.2767,108.0108,16.48,95,100,10.63
548,Araouane,ML,2021-03-07 21:21:11,18.9048,-3.5265,80.06,16,99,10.98
549,Bechem,GH,2021-03-07 21:23:35,7.0903,-2.025,74.5,88,100,1.81
550,Puerto Escondido,MX,2021-03-07 21:23:37,15.85,-97.0667,82.4,69,1,5.75
551,Baruun-Urt,MN,2021-03-07 21:23:38,46.6806,113.2792,16.68,89,0,7.67
