City_ID,City,Country,Date,Lat,Lng,Max Temp,Humidity,Cloudiness,Wind Speed,Current Description
0,Skoppum,NO,2021-03-07 23:46:06,59.3833,10.4167,32.0,40,18,3.44,few clouds
1,Guerrero Negro,MX,2021-03-07 23:46:06,27.9769,-114.0611,62.4,60,18,16.53,few clouds
2,Gaoua,BF,2021-03-07 23:46:07,10.2992,-3.2508,83.07,50,91,4.59,overcast clouds
3,Vostok,RU,2021-03-07 23:46:07,46.4856,135.8833,12.02,95,100,4.97,overcast clouds
4,Pevek,RU,2021-03-07 23:46:08,69.7008,170.3133,-16.06,88,100,21.99,light snow
5,Benguela,AO,2021-03-07 23:46:09,-12.5763,13.4055,80.58,76,100,5.73,overcast clouds
6,Upernavik,GL,2021-03-07 23:46:09,72.7868,-56.1549,-18.74,81,0,13.0,clear sky
7,Mataura,NZ,2021-03-07 23:46:09,-46.1927,168.8643,55.0,74,97,11.01,overcast clouds
8,Chapaevsk,RU,2021-03-07 23:46:10,52.9813,49.7112,23.0,93,75,17.9,snow
9,Vardo,NO,2021-03-07 23:46:10,70.3705,31.1107,15.8,86,20,11.5,few clouds
10,Port Alfred,ZA,2021-03-07 23:46:11,-33.5906,26.891,69.01,86,51,3.0,broken clouds
11,Nantucket,US,2021-03-07 23:43:07,41.2835,-70.0995,30.2,55,1,4.61,clear sky
12,Yaring,TH,2021-03-07 23:46:11,6.8662,101.3689,73.8,87,99,7.0,overcast clouds
13,Port Macquarie,AU,2021-03-07 23:46:12,-31.4333,152.9167,79.0,71,56,1.01,broken clouds
14,Karasburg,NA,2021-03-07 23:46:13,-28.0167,18.75,68.23,36,0,13.58,clear sky
15,Bilibino,RU,2021-03-07 23:46:13,68.0546,166.4372,-21.89,82,100,4.14,light snow
16,Namatanai,PG,2021-03-07 23:46:14,-3.6667,152.4333,81.1,78,100,8.59,light rain
17,Sitka,US,2021-03-07 23:46:14,57.0531,-135.33,44.6,65,75,8.05,broken clouds
18,Punta Arenas,CL,2021-03-07 23:44:38,-53.15,-70.9167,42.8,75,40,20.71,light rain
19,Sundsvall,SE,2021-03-07 23:46:15,62.3913,17.3063,26.01,58,0,6.91,clear sky
20,Victoria,HK,2021-03-07 23:43:57,22.2855,114.1577,66.99,86,92,18.01,overcast clouds
21,Eatonton,US,2021-03-07 23:41:23,33.3268,-83.3885,57.2,28,1,2.13,clear sky
22,Khovu-Aksy,RU,2021-03-07 23:46:16,51.1333,93.6,10.67,81,90,3.74,overcast clouds
23,Lagoa,PT,2021-03-07 23:46:16,39.05,-27.9833,60.19,97,96,11.48,overcast clouds
24,Barrow,US,2021-03-07 23:46:17,71.2906,-156.7887,-11.2,70,90,18.41,haze
25,Hermanus,ZA,2021-03-07 23:46:17,-34.4187,19.2345,61.0,91,99,7.31,overcast clouds
26,Lompoc,US,2021-03-07 23:42:39,34.6391,-120.4579,57.99,62,90,9.22,overcast clouds
27,Srednekolymsk,RU,2021-03-07 23:46:18,67.45,153.6833,-14.01,88,99,11.14,overcast clouds
28,Dongning,CN,2021-03-07 23:46:18,44.0622,131.1207,24.28,89,11,3.24,few clouds
29,Narsaq,GL,2021-03-07 23:46:18,60.9167,-46.05,30.2,86,75,9.22,light snow
30,Hobart,AU,2021-03-07 23:46:19,-42.8794,147.3294,64.99,67,75,4.61,broken clouds
31,Busselton,AU,2021-03-07 23:46:19,-33.65,115.3333,64.99,86,99,1.99,light rain
32,Bluff,NZ,2021-03-07 23:46:20,-46.6,168.3333,55.0,74,95,11.01,overcast clouds
33,Tuatapere,NZ,2021-03-07 23:46:20,-46.1333,167.6833,55.0,74,93,11.01,moderate rain
34,Nikolskoye,RU,2021-03-07 23:46:20,59.7035,30.7861,21.2,86,90,11.18,snow
35,Saskylakh,RU,2021-03-07 23:46:21,71.9167,114.0833,-33.52,83,74,3.44,broken clouds
36,Grand-Santi,GF,2021-03-07 23:46:21,4.25,-54.3833,73.89,95,97,4.52,overcast clouds
37,Atuona,PF,2021-03-07 23:46:22,-9.8,-139.0333,79.83,73,29,11.36,scattered clouds
38,Arraial Do Cabo,BR,2021-03-07 23:46:22,-22.9661,-42.0278,75.45,83,100,4.14,light rain
39,Uglegorsk,RU,2021-03-07 23:46:23,49.0833,142.0333,16.9,89,46,1.61,scattered clouds
40,Peleduy,RU,2021-03-07 23:46:23,59.6289,112.7406,20.05,96,97,11.21,light snow
41,New Norfolk,AU,2021-03-07 23:46:23,-42.7826,147.0587,64.99,65,99,1.99,overcast clouds
42,Ponta Delgada,PT,2021-03-07 23:44:47,37.7333,-25.6667,60.8,94,75,4.61,broken clouds
43,Baykit,RU,2021-03-07 23:46:24,61.67,96.37,10.67,91,92,7.72,overcast clouds
44,Bredasdorp,ZA,2021-03-07 23:46:25,-34.5322,20.0403,60.8,82,100,3.44,overcast clouds
45,Provideniya,RU,2021-03-07 23:46:25,64.3833,-173.3,33.6,93,100,17.74,snow
46,Caravelas,BR,2021-03-07 23:44:30,-17.7125,-39.2481,78.82,83,51,8.46,broken clouds
47,Johnston,US,2021-03-07 23:46:26,35.5335,-78.3997,46.4,29,1,3.62,clear sky
48,Huarmey,PE,2021-03-07 23:46:26,-10.0681,-78.1522,73.38,79,69,8.23,broken clouds
49,Carthage,TN,2021-03-07 23:46:27,36.8611,10.3316,59.0,77,20,9.22,few clouds
50,Fortuna,US,2021-03-07 23:46:27,40.5982,-124.1573,52.0,62,1,12.66,clear sky
51,Lorengau,PG,2021-03-07 23:46:28,-2.0226,147.2712,79.79,80,100,5.17,overcast clouds
52,Aykhal,RU,2021-03-07 23:46:28,66.0,111.5,4.32,92,100,3.56,overcast clouds
53,Thompson,CA,2021-03-07 23:45:09,55.7435,-97.8558,42.8,45,20,11.5,few clouds
54,East London,ZA,2021-03-07 23:46:29,-33.0153,27.9116,68.56,80,57,5.19,broken clouds
55,Avera,US,2021-03-07 23:46:29,33.194,-82.5271,53.6,24,1,4.61,clear sky
56,Egham,GB,2021-03-07 23:46:30,51.4316,-0.5524,35.6,75,0,2.3,clear sky
57,Novooleksiyivka,UA,2021-03-07 23:46:30,46.2269,34.6428,33.94,85,0,15.5,clear sky
58,Nome,US,2021-03-07 23:46:31,64.5011,-165.4064,30.99,93,90,23.02,snow
59,Yaan,NG,2021-03-07 23:46:31,7.3833,8.5667,82.47,64,40,12.39,scattered clouds
60,Rikitea,PF,2021-03-07 23:46:32,-23.1203,-134.9692,80.82,79,100,16.82,moderate rain
61,Na Klang,TH,2021-03-07 23:46:32,17.3072,102.1889,79.0,100,75,3.44,light rain
62,Sorland,NO,2021-03-07 23:46:32,67.667,12.6934,33.62,93,100,16.82,snow
63,Kungurtug,RU,2021-03-07 23:46:33,50.5994,97.5228,7.84,84,12,1.7,few clouds
64,Grindavik,IS,2021-03-07 23:46:33,63.8424,-22.4338,41.0,93,90,17.27,overcast clouds
65,Kapaa,US,2021-03-07 23:46:34,22.0752,-159.319,75.2,69,40,16.11,light rain
66,Aklavik,CA,2021-03-07 23:46:34,68.2191,-135.0107,-7.6,70,70,6.91,broken clouds
67,Albany,US,2021-03-07 23:44:04,42.6001,-73.9662,28.0,37,56,11.01,broken clouds
68,Broken Hill,AU,2021-03-07 23:46:35,-31.95,141.4333,75.2,33,92,9.22,overcast clouds
69,Kodiak,US,2021-03-07 23:45:11,57.79,-152.4072,44.6,49,1,9.22,clear sky
70,Hualmay,PE,2021-03-07 23:46:36,-11.0964,-77.6139,72.82,81,63,9.19,broken clouds
71,Banda Aceh,ID,2021-03-07 23:46:36,5.5577,95.3222,78.3,77,74,4.14,broken clouds
72,Marion,US,2021-03-07 23:46:37,39.7684,-86.1555,50.0,25,75,4.61,broken clouds
73,Tuktoyaktuk,CA,2021-03-07 23:46:37,69.4541,-133.0374,-14.8,76,40,16.11,snow
74,Palmer,US,2021-03-07 23:44:25,42.1584,-72.3287,32.0,37,1,11.5,clear sky
75,Vila Velha,BR,2021-03-07 23:46:38,-20.3297,-40.2925,82.0,94,90,6.91,heavy intensity rain
76,Puerto Ayora,EC,2021-03-07 23:42:13,-0.7393,-90.3518,82.0,85,62,11.01,broken clouds
77,Mahebourg,MU,2021-03-07 23:46:39,-20.4081,57.7,77.0,88,40,4.61,scattered clouds
78,Saldanha,ZA,2021-03-07 23:46:39,-33.0117,17.9442,59.0,77,26,8.05,scattered clouds
79,Port Loko,SL,2021-03-07 23:46:40,8.7667,-12.7833,82.4,74,40,9.22,haze
80,Lata,PT,2021-03-07 23:46:40,40.1629,-8.3327,53.01,82,40,1.25,scattered clouds
81,Maracanau,BR,2021-03-07 23:46:41,-3.8767,-38.6256,81.0,89,20,3.44,few clouds
82,Svetlogorsk,BY,2021-03-07 23:46:41,52.6333,29.7333,27.93,96,100,11.77,overcast clouds
83,Kununurra,AU,2021-03-07 23:46:42,-15.7667,128.7333,87.8,79,56,2.3,broken clouds
84,Rossland,CA,2021-03-07 23:46:42,49.0831,-117.8022,30.0,92,96,5.99,light snow
85,Guaruja,BR,2021-03-07 23:46:43,-23.9931,-46.2564,75.0,26,60,7.47,moderate rain
86,Georgetown,MY,2021-03-07 23:44:24,5.4112,100.3354,78.8,88,40,2.3,scattered clouds
87,Ileza,RU,2021-03-07 23:46:44,61.0533,43.9002,6.58,95,100,9.19,overcast clouds
88,Ushuaia,AR,2021-03-07 23:46:44,-54.8,-68.3,42.8,75,40,25.32,light snow
89,Imeni Poliny Osipenko,RU,2021-03-07 23:46:44,52.4201,136.4853,-1.57,89,0,9.62,clear sky
90,Ocho Rios,JM,2021-03-07 23:46:45,18.4025,-77.1048,77.0,85,19,1.9,few clouds
91,Qaanaaq,GL,2021-03-07 23:46:45,77.484,-69.3632,-13.77,63,0,6.96,clear sky
92,Santa Isabel,BR,2021-03-07 23:46:45,-23.3156,-46.2214,69.8,100,75,4.61,broken clouds
93,Hilo,US,2021-03-07 23:46:46,19.7297,-155.09,75.2,73,90,8.05,light rain
94,Virginia Beach,US,2021-03-07 23:42:03,36.8529,-75.978,39.99,43,0,9.66,clear sky
95,Kirakira,SB,2021-03-07 23:46:47,-10.4544,161.9205,83.16,77,100,7.25,overcast clouds
96,Vaini,TO,2021-03-07 23:46:47,-21.2,-175.2,86.0,70,75,14.97,broken clouds
97,Westport,US,2021-03-07 23:43:52,41.1415,-73.3579,37.99,35,1,6.91,clear sky
98,Mandalgovi,MN,2021-03-07 23:46:48,45.7625,106.2708,25.39,81,0,4.47,clear sky
99,Iberia,US,2021-03-07 23:46:48,29.9502,-91.7507,66.2,24,1,5.75,clear sky
100,Vestmannaeyjar,IS,2021-03-07 23:46:49,63.4427,-20.2734,44.15,84,91,27.74,overcast clouds
101,Jamestown,US,2021-03-07 23:46:49,42.097,-79.2353,21.99,94,1,2.93,clear sky
102,Mar Del Plata,AR,2021-03-07 23:42:34,-38.0023,-57.5575,75.99,60,75,8.05,light rain
103,Oneonta,US,2021-03-07 23:42:01,42.4529,-75.0638,21.0,59,95,5.99,overcast clouds
104,Vilcun,CL,2021-03-07 23:46:50,-38.65,-72.2333,68.0,73,0,9.22,clear sky
105,Bambous Virieux,MU,2021-03-07 23:46:50,-20.3428,57.7575,78.01,88,40,4.61,scattered clouds
106,Akyab,MM,2021-03-07 23:46:50,20.15,92.9,67.48,85,40,4.5,scattered clouds
107,Fort Nelson,CA,2021-03-07 23:46:51,58.8053,-122.7002,28.4,50,20,6.91,few clouds
108,Saint-Philippe,RE,2021-03-07 23:46:51,-21.3585,55.7679,77.0,88,15,6.91,light rain
109,Kupang,ID,2021-03-07 23:46:52,-10.1667,123.5833,78.8,94,75,4.38,broken clouds
110,Ust-Tsilma,RU,2021-03-07 23:46:53,65.441,52.1498,-22.0,87,74,4.14,broken clouds
111,Atambua,ID,2021-03-07 23:46:53,-9.1061,124.8925,78.57,83,39,0.63,scattered clouds
112,Samarai,PG,2021-03-07 23:46:54,-10.6167,150.6667,80.46,79,96,5.28,overcast clouds
113,Cherskiy,RU,2021-03-07 23:46:54,68.75,161.3,-19.57,87,100,2.95,overcast clouds
114,Goundam,ML,2021-03-07 23:46:55,16.4145,-3.6708,81.73,15,83,13.98,broken clouds
115,Puerto Carreno,CO,2021-03-07 23:46:55,6.189,-67.4859,88.79,41,90,8.16,overcast clouds
116,Governador Valadares,BR,2021-03-07 23:46:55,-18.8511,-41.9494,74.05,83,99,1.28,overcast clouds
117,Litovko,RU,2021-03-07 23:46:56,49.2361,135.1742,7.23,91,0,2.73,clear sky
118,Sechura,PE,2021-03-07 23:46:56,-5.5569,-80.8222,80.8,60,83,14.36,broken clouds
119,Calama,CL,2021-03-07 23:46:57,-22.4667,-68.9333,69.8,32,0,18.41,clear sky
120,Butaritari,KI,2021-03-07 23:46:57,3.0707,172.7902,80.74,79,0,10.49,clear sky
121,Chara,RU,2021-03-07 23:46:58,56.9064,118.2631,10.0,89,74,2.37,broken clouds
122,Arman,RU,2021-03-07 23:46:58,59.7,150.1667,-5.1,77,0,3.67,clear sky
123,Puerto Ayacucho,VE,2021-03-07 23:46:59,5.6639,-67.6236,81.95,73,92,4.92,overcast clouds
124,San Patricio,US,2021-03-07 23:46:59,28.017,-97.5169,66.2,39,40,20.71,scattered clouds
125,Formosa,AR,2021-03-07 23:47:00,-26.1775,-58.1781,82.4,61,0,4.61,clear sky
126,Chuy,UY,2021-03-07 23:47:00,-33.6971,-53.4616,67.95,88,17,8.12,few clouds
127,Airai,TL,2021-03-07 23:47:00,-8.9266,125.4092,67.77,90,28,1.32,scattered clouds
128,Yellowknife,CA,2021-03-07 23:47:01,62.456,-114.3525,12.2,62,75,18.41,snow
129,Bartica,GY,2021-03-07 23:47:01,6.4,-58.6167,78.8,83,20,6.91,few clouds
130,Souillac,MU,2021-03-07 23:47:02,-20.5167,57.5167,77.0,88,40,4.61,light rain
131,General Roca,AR,2021-03-07 23:47:02,-39.0333,-67.5833,82.4,28,0,12.66,clear sky
132,Mbandaka,CD,2021-03-07 23:47:03,0.0487,18.2603,73.18,93,100,5.21,overcast clouds
133,Constitucion,CL,2021-03-07 23:47:03,-35.3333,-72.4167,64.11,82,8,15.95,clear sky
134,Ahipara,NZ,2021-03-07 23:47:04,-35.1667,173.1667,68.27,58,69,12.08,broken clouds
135,Balkhash,KZ,2021-03-07 23:47:04,46.844,74.9804,23.83,95,72,5.93,broken clouds
136,Ouango,CF,2021-03-07 23:47:05,4.3133,22.5552,72.07,85,98,3.06,overcast clouds
137,Otane,NZ,2021-03-07 23:47:05,-39.8833,176.6333,66.99,70,83,4.0,broken clouds
138,Lebu,CL,2021-03-07 23:47:06,-37.6167,-73.65,59.5,90,59,14.03,broken clouds
139,Banmankhi,IN,2021-03-07 23:47:06,25.8833,87.1833,61.32,60,0,7.31,clear sky
140,Beringovskiy,RU,2021-03-07 23:47:06,63.05,179.3167,19.92,91,50,25.46,scattered clouds
141,Portland,US,2021-03-07 23:44:29,45.5234,-122.6762,50.0,61,75,12.66,light rain
142,Arlit,NE,2021-03-07 23:47:07,18.7369,7.3853,80.29,15,62,10.85,broken clouds
143,Lazaro Cardenas,MX,2021-03-07 23:47:08,17.9583,-102.2,80.38,69,3,10.22,clear sky
144,Hornepayne,CA,2021-03-07 23:47:08,49.2138,-84.7705,20.68,95,72,11.12,broken clouds
145,Kahului,US,2021-03-07 23:47:09,20.8947,-156.47,80.6,54,40,25.32,scattered clouds
146,Fonseca,CO,2021-03-07 23:47:09,10.8861,-72.8487,80.6,68,52,5.93,broken clouds
147,Kabo,CF,2021-03-07 23:47:10,7.6994,18.629,76.55,19,56,3.49,broken clouds
148,Ambulu,ID,2021-03-07 23:47:10,-8.345,113.6058,77.72,81,98,2.64,overcast clouds
149,Leningradskiy,RU,2021-03-07 23:47:10,69.3833,178.4167,-12.48,87,100,1.05,light snow
150,Mount Isa,AU,2021-03-07 23:43:21,-20.7333,139.5,84.2,61,45,16.11,scattered clouds
151,Conroe,US,2021-03-07 23:43:57,30.3119,-95.456,68.0,22,1,10.36,clear sky
152,Visnes,NO,2021-03-07 23:47:11,59.3556,5.2242,28.4,74,90,8.05,overcast clouds
153,Togur,RU,2021-03-07 23:47:12,58.3631,82.8265,13.78,96,100,13.94,light snow
154,Necochea,AR,2021-03-07 23:47:13,-38.5473,-58.7368,68.0,94,56,5.01,moderate rain
155,Sweetwater,US,2021-03-07 23:47:13,25.7634,-80.3731,73.4,49,20,6.91,few clouds
156,Vangaindrano,MG,2021-03-07 23:47:13,-23.35,47.6,72.3,86,31,7.02,scattered clouds
157,Amlagora,IN,2021-03-07 23:47:14,22.8333,87.3333,63.66,53,1,3.44,clear sky
158,Prachuap Khiri Khan,TH,2021-03-07 23:44:30,12.2167,99.75,78.8,73,20,5.75,few clouds
159,Ribeira Grande,PT,2021-03-07 23:47:14,38.5167,-28.7,61.7,94,98,9.69,overcast clouds
160,Bulawayo,ZW,2021-03-07 23:47:15,-20.15,28.5833,61.84,77,0,3.58,clear sky
161,Basoko,CD,2021-03-07 23:47:15,1.2391,23.616,71.22,89,98,6.87,overcast clouds
162,Krasnoselkup,RU,2021-03-07 23:47:16,65.7,82.4667,-11.49,90,79,4.74,broken clouds
163,Atar,MR,2021-03-07 23:47:16,20.5169,-13.0499,65.26,29,0,10.4,clear sky
164,Merauke,ID,2021-03-07 23:47:16,-8.4667,140.3333,81.05,81,28,5.35,scattered clouds
165,Ambovombe,MG,2021-03-07 23:47:17,-25.1667,46.0833,71.73,83,4,6.91,clear sky
166,Hirara,JP,2021-03-07 23:47:17,24.8,125.2833,69.8,94,75,10.36,broken clouds
167,Chokurdakh,RU,2021-03-07 23:47:18,70.6333,147.9167,-13.04,89,100,10.83,overcast clouds
168,Havoysund,NO,2021-03-07 23:47:18,70.9963,24.6622,23.0,80,40,6.91,light snow
169,Vilhena,BR,2021-03-07 23:47:19,-12.7406,-60.1458,71.6,100,75,4.61,heavy intensity rain
170,Ormara,PK,2021-03-07 23:47:19,25.2088,64.6357,72.52,72,0,8.81,clear sky
171,Puro,PH,2021-03-07 23:47:20,12.4841,123.3827,79.95,76,86,13.38,overcast clouds
172,Tocopilla,CL,2021-03-07 23:47:20,-22.092,-70.1979,71.69,69,34,9.73,scattered clouds
173,Ous,RU,2021-03-07 23:47:21,60.9058,61.5186,-5.8,92,78,2.53,broken clouds
174,Tongchuan,CN,2021-03-07 23:47:21,35.0806,109.0897,39.18,80,100,3.98,light rain
175,Xiongzhou,CN,2021-03-07 23:47:21,25.1167,114.3,55.44,78,56,3.56,broken clouds
176,Choya,RU,2021-03-07 23:47:22,52.0108,86.5467,20.8,95,95,3.47,overcast clouds
177,Ravar,IR,2021-03-07 23:47:22,31.2656,56.8055,52.86,40,0,3.31,clear sky
178,Tazovskiy,RU,2021-03-07 23:47:23,67.4667,78.7,-24.32,88,95,1.32,overcast clouds
179,Saint-Pierre,RE,2021-03-07 23:47:23,-21.3393,55.4781,77.0,88,44,6.91,scattered clouds
180,Kavieng,PG,2021-03-07 23:47:24,-2.5744,150.7967,82.44,77,99,9.51,moderate rain
181,Omboue,GA,2021-03-07 23:47:24,-1.5746,9.2618,77.65,88,20,4.12,few clouds
182,Dondo,MZ,2021-03-07 23:47:24,-19.6094,34.7431,70.32,95,42,2.39,scattered clouds
183,Vanimo,PG,2021-03-07 23:47:25,-2.6741,141.3028,82.81,69,99,2.42,overcast clouds
184,San Quintin,MX,2021-03-07 23:47:25,30.4833,-115.95,59.9,68,61,12.41,broken clouds
185,Nsanje,MW,2021-03-07 23:47:26,-16.92,35.262,69.3,94,26,1.52,scattered clouds
186,Bathsheba,BB,2021-03-07 23:47:26,13.2167,-59.5167,78.8,65,75,23.02,broken clouds
187,Castro,BR,2021-03-07 23:47:27,-24.7911,-50.0119,61.72,96,44,6.6,scattered clouds
188,San Marcos,US,2021-03-07 23:47:27,33.1434,-117.1661,60.01,67,1,9.22,clear sky
189,Talaya,RU,2021-03-07 23:47:28,61.3833,152.75,-18.22,82,56,2.06,broken clouds
190,Naze,JP,2021-03-07 23:47:28,28.3667,129.4833,66.2,88,20,1.14,few clouds
191,Port-Gentil,GA,2021-03-07 23:47:28,-0.7193,8.7815,80.6,89,20,4.61,few clouds
192,Bahia De Caraquez,EC,2021-03-07 23:47:29,-0.6,-80.4167,80.6,83,75,8.05,moderate rain
193,Bethel,US,2021-03-07 23:43:37,41.3712,-73.414,37.4,32,1,4.61,clear sky
194,Iskateley,RU,2021-03-07 23:47:29,67.6803,53.1512,-29.04,85,80,9.19,broken clouds
195,San Juan,AR,2021-03-07 23:42:34,-31.5375,-68.5364,89.85,26,0,7.49,clear sky
196,Zhezkazgan,KZ,2021-03-07 23:47:30,47.8043,67.7144,29.55,96,100,13.44,snow
197,Ulladulla,AU,2021-03-07 23:47:31,-35.35,150.4667,75.99,57,0,1.14,clear sky
198,Hithadhoo,MV,2021-03-07 23:47:31,-0.6,73.0833,82.96,67,0,8.72,clear sky
199,Imbituba,BR,2021-03-07 23:47:32,-28.24,-48.6703,75.2,78,75,5.75,broken clouds
200,Gashua,NG,2021-03-07 23:47:32,12.871,11.0482,74.59,14,0,9.15,clear sky
201,Newala,TZ,2021-03-07 23:47:33,-10.9431,39.2787,65.53,100,87,0.87,overcast clouds
202,Quelimane,MZ,2021-03-07 23:47:33,-17.8786,36.8883,80.6,78,20,2.59,few clouds
203,Katsuura,JP,2021-03-07 23:47:34,35.1333,140.3,45.0,87,75,10.36,broken clouds
204,Shahr-E Kord,IR,2021-03-07 23:47:34,32.3256,50.8644,21.2,63,0,4.36,clear sky
205,Saint George,US,2021-03-07 23:46:32,37.1041,-113.5841,73.99,11,1,8.05,clear sky
206,Guayape,HN,2021-03-07 23:47:35,14.7167,-86.8333,70.99,59,0,5.12,clear sky
207,Colares,PT,2021-03-07 23:47:36,38.7992,-9.4469,53.01,74,60,18.99,broken clouds
208,Bonavista,CA,2021-03-07 23:47:36,48.6499,-53.1147,28.0,74,23,8.05,few clouds
209,Lumphat,KH,2021-03-07 23:47:37,13.4878,106.9816,75.79,70,7,10.33,clear sky
210,Lasa,IT,2021-03-07 23:47:37,46.6166,10.7002,35.01,80,0,3.58,clear sky
211,Jasper,US,2021-03-07 23:43:08,37.2001,-94.3502,64.4,24,1,12.66,clear sky
212,Alexandria,EG,2021-03-07 23:46:50,31.2156,29.9553,53.6,87,0,2.3,clear sky
213,Dandong,CN,2021-03-07 23:47:38,40.1292,124.3947,34.99,70,0,2.17,clear sky
214,Port Elizabeth,ZA,2021-03-07 23:45:36,-33.918,25.5701,66.0,88,73,1.01,light rain
215,Dunedin,NZ,2021-03-07 23:47:39,-45.8742,170.5036,55.0,63,89,21.99,overcast clouds
216,Kolkwitz,DE,2021-03-07 23:47:40,51.75,14.25,35.01,86,77,3.0,light snow
217,Porirua,NZ,2021-03-07 23:47:40,-41.1333,174.85,64.0,59,76,5.99,broken clouds
218,Pindwara,IN,2021-03-07 23:47:41,24.8,73.0667,64.0,59,0,4.47,clear sky
219,Fairbanks,US,2021-03-07 23:47:41,64.8378,-147.7164,19.99,85,75,1.81,broken clouds
220,Walla Walla,US,2021-03-07 23:47:42,46.0646,-118.343,54.0,57,20,10.36,few clouds
221,Cape Town,ZA,2021-03-07 23:47:42,-33.9258,18.4232,61.0,77,0,9.22,clear sky
222,Kyshtovka,RU,2021-03-07 23:47:42,56.555,76.6271,32.99,96,100,22.41,light snow
223,Avarua,CK,2021-03-07 23:47:43,-21.2078,-159.775,84.2,79,20,8.05,light rain
224,Ponta Do Sol,PT,2021-03-07 23:47:43,32.6667,-17.1,59.0,94,65,5.99,broken clouds
225,Nikolayevsk-Na-Amure,RU,2021-03-07 23:47:44,53.1406,140.73,5.31,89,2,5.91,clear sky
226,Codrington,AU,2021-03-07 23:47:44,-38.2667,141.9667,58.95,87,100,8.77,overcast clouds
227,Faanui,PF,2021-03-07 23:47:44,-16.4833,-151.75,82.35,77,100,20.2,light rain
228,Rundu,NA,2021-03-07 23:47:45,-17.9333,19.7667,66.78,64,56,2.44,broken clouds
229,Jalu,LY,2021-03-07 23:47:45,29.0331,21.5482,60.15,37,0,5.46,clear sky
230,Kaitangata,NZ,2021-03-07 23:47:46,-46.2817,169.8464,57.0,58,96,17.0,overcast clouds
231,Touros,BR,2021-03-07 23:47:46,-5.1989,-35.4608,78.8,83,20,3.44,few clouds
232,Tessalit,ML,2021-03-07 23:47:46,20.1986,1.0114,76.93,18,89,10.27,overcast clouds
233,Tiksi,RU,2021-03-07 23:47:47,71.6872,128.8694,-15.9,87,100,4.32,overcast clouds
234,Road Town,VG,2021-03-07 23:47:47,18.4167,-64.6167,78.8,78,40,8.05,scattered clouds
235,Karratha,AU,2021-03-07 23:47:48,-20.7377,116.8463,83.28,73,1,11.81,clear sky
236,Dingle,PH,2021-03-07 23:47:48,10.9995,122.6711,79.18,78,90,10.94,overcast clouds
237,Cidreira,BR,2021-03-07 23:47:48,-30.1811,-50.2056,72.73,72,1,8.97,clear sky
238,Alice Springs,AU,2021-03-07 23:47:49,-23.7,133.8833,87.01,32,0,9.22,clear sky
239,Konotop,UA,2021-03-07 23:47:49,51.2403,33.2026,29.95,98,100,16.06,light snow
240,Cienfuegos,CU,2021-03-07 23:44:22,22.1461,-80.4356,77.0,61,61,19.57,broken clouds
241,Monte Patria,CL,2021-03-07 23:47:50,-30.6919,-70.9467,69.96,61,0,1.88,clear sky
242,Saint-Francois,FR,2021-03-07 23:47:50,46.4154,3.9054,42.8,93,90,3.0,fog
243,Lloydminster,CA,2021-03-07 23:47:26,53.2835,-110.0016,39.2,65,90,9.22,overcast clouds
244,Pacific Grove,US,2021-03-07 23:43:06,36.6177,-121.9166,57.2,67,40,9.22,scattered clouds
245,Madang,PG,2021-03-07 23:47:52,-5.2246,145.7966,77.14,85,100,4.68,overcast clouds
246,Broome,US,2021-03-07 23:47:52,42.2506,-75.833,21.2,53,1,12.66,clear sky
247,Cabo San Lucas,MX,2021-03-07 23:47:53,22.8909,-109.9124,78.8,53,75,11.5,broken clouds
248,Jinxiang,CN,2021-03-07 23:47:53,27.4327,120.6062,53.38,80,72,10.98,broken clouds
249,Makakilo City,US,2021-03-07 23:47:54,21.3469,-158.0858,82.4,44,20,9.22,few clouds
250,Flinders,AU,2021-03-07 23:47:54,-34.5833,150.8552,77.0,72,60,4.0,broken clouds
251,Ketchikan,US,2021-03-07 23:47:54,55.3422,-131.6461,44.6,70,90,8.05,overcast clouds
252,Paranavai,BR,2021-03-07 23:47:55,-23.0731,-52.4653,73.4,83,20,5.75,few clouds
253,Muyezerskiy,RU,2021-03-07 23:47:55,63.9333,31.65,-4.81,91,91,8.61,overcast clouds
254,Zverinogolovskoye,RU,2021-03-07 23:47:55,54.4586,64.8542,0.86,93,69,8.72,broken clouds
255,Victoria Falls,ZW,2021-03-07 23:47:56,-17.9235,25.843,65.57,82,75,0.72,broken clouds
256,Lac Du Bonnet,CA,2021-03-07 23:47:56,50.2536,-96.0612,39.0,99,100,7.0,overcast clouds
257,Torbay,CA,2021-03-07 23:47:57,47.6666,-52.7314,28.99,74,20,10.36,few clouds
258,Zaraza,VE,2021-03-07 23:47:57,9.3503,-65.3245,79.07,71,94,9.78,overcast clouds
259,Sola,VU,2021-03-07 23:45:17,-13.8833,167.55,86.0,84,40,9.62,scattered clouds
260,Tasiilaq,GL,2021-03-07 23:47:58,65.6145,-37.6368,33.8,100,90,37.98,snow
261,Yining,CN,2021-03-07 23:47:58,29.0361,114.5636,46.4,85,99,3.47,moderate rain
262,Hasaki,JP,2021-03-07 23:47:59,35.7333,140.8333,43.0,87,75,12.66,broken clouds
263,Isangel,VU,2021-03-07 23:47:59,-19.55,169.2667,82.4,69,20,4.61,few clouds
264,Enderby,GB,2021-03-07 23:48:00,52.5878,-1.2062,39.0,92,0,3.67,clear sky
265,Estelle,US,2021-03-07 23:48:00,29.8458,-90.1067,64.4,32,1,5.75,clear sky
266,Yulara,AU,2021-03-07 23:48:01,-25.2406,130.9889,75.2,46,0,11.5,clear sky
267,Egvekinot,RU,2021-03-07 23:48:01,66.3167,-179.1667,13.6,98,100,4.52,snow
268,Sulangan,PH,2021-03-07 23:48:02,11.1373,123.7228,80.78,76,82,16.31,broken clouds
269,Umea,SE,2021-03-07 23:48:03,63.8284,20.2597,21.99,63,0,8.05,clear sky
270,Korhogo,CI,2021-03-07 23:48:03,9.45,-5.6333,80.44,59,97,4.97,overcast clouds
271,Fredericksburg,US,2021-03-07 23:48:04,38.3032,-77.4605,46.4,24,1,3.44,clear sky
272,Hambantota,LK,2021-03-07 23:48:04,6.1241,81.1185,77.85,84,32,11.05,scattered clouds
273,Phek,IN,2021-03-07 23:48:05,25.6667,94.5,40.64,82,44,1.99,scattered clouds
274,Kautokeino,NO,2021-03-07 23:48:05,69.0125,23.0412,7.61,89,98,4.27,overcast clouds
275,Laguna,US,2021-03-07 23:48:06,38.421,-121.4238,64.99,27,1,6.91,clear sky
276,Luganville,VU,2021-03-07 23:48:06,-15.5333,167.1667,84.38,66,77,7.36,light rain
277,Dikson,RU,2021-03-07 23:48:06,73.5069,80.5464,-19.21,87,99,9.71,overcast clouds
278,Poronaysk,RU,2021-03-07 23:48:03,49.2167,143.1167,7.97,91,1,1.59,clear sky
279,Khatanga,RU,2021-03-07 23:48:07,71.9667,102.5,-31.56,85,88,5.44,overcast clouds
280,Komsomolskiy,UZ,2021-03-07 23:48:07,40.4272,71.7189,39.2,81,47,4.61,mist
281,Mackenzie,CA,2021-03-07 23:45:09,55.2999,-123.1698,35.6,60,90,4.61,overcast clouds
282,Lavrentiya,RU,2021-03-07 23:48:08,65.5833,-171.0,32.18,98,100,32.79,snow
283,Tonosho,JP,2021-03-07 23:44:07,34.4833,134.1833,46.99,93,75,2.3,broken clouds
284,Mungwi,ZM,2021-03-07 23:48:08,-10.1732,31.3694,62.94,100,100,3.96,moderate rain
285,Bengkulu,ID,2021-03-07 23:47:56,-3.8004,102.2655,74.44,88,87,3.87,moderate rain
286,Kutum,SD,2021-03-07 23:48:09,14.2,24.6667,60.3,22,10,10.76,clear sky
287,Dakar,SN,2021-03-07 23:46:07,14.6937,-17.4441,66.2,82,0,11.5,clear sky
288,Redlands,US,2021-03-07 23:48:10,34.0556,-117.1825,66.99,39,75,4.61,haze
289,Mugla,TR,2021-03-07 23:48:11,37.2303,28.3557,48.2,49,0,10.36,clear sky
290,Haines Junction,CA,2021-03-07 23:48:11,60.7522,-137.5108,24.8,46,100,6.91,overcast clouds
291,San Ramon,US,2021-03-07 23:48:12,37.7799,-121.978,64.99,41,1,8.05,clear sky
292,Kiama,AU,2021-03-07 23:44:55,-34.6833,150.8667,75.99,73,58,11.99,broken clouds
293,Mombetsu,JP,2021-03-07 23:48:12,44.3525,143.3525,23.0,65,34,5.99,scattered clouds
294,Baghdad,IQ,2021-03-07 23:48:13,33.3406,44.4009,55.4,50,0,8.05,clear sky
295,Athabasca,CA,2021-03-07 23:48:13,54.7169,-113.2854,44.6,36,100,4.61,overcast clouds
296,Hamilton,US,2021-03-07 23:44:52,39.1834,-84.5333,48.99,21,1,4.61,clear sky
297,Sioux Lookout,CA,2021-03-07 23:48:14,50.1001,-91.917,46.4,46,75,9.22,broken clouds
298,Cape Canaveral,US,2021-03-07 23:48:14,28.4058,-80.6048,60.8,51,1,14.97,clear sky
299,Port Lincoln,AU,2021-03-07 23:44:29,-34.7333,135.8667,64.35,65,16,15.9,few clouds
300,Ganzhou,CN,2021-03-07 23:48:15,28.8184,115.4327,46.78,84,56,4.29,light rain
301,Vallenar,CL,2021-03-07 23:48:15,-28.5708,-70.7581,68.4,63,0,2.68,clear sky
302,Weligama,LK,2021-03-07 23:48:15,5.9667,80.4167,76.08,86,86,6.8,light rain
303,Barcelos,PT,2021-03-07 23:48:16,41.5388,-8.6151,48.0,93,1,5.75,clear sky
304,Itupiranga,BR,2021-03-07 23:48:16,-5.1347,-49.3267,75.76,92,63,3.02,broken clouds
305,Te Anau,NZ,2021-03-07 23:48:17,-45.4167,167.7167,56.89,49,70,0.58,broken clouds
306,Ostrovnoy,RU,2021-03-07 23:48:17,68.0531,39.5131,0.3,92,100,9.04,overcast clouds
307,Abong Mbang,CM,2021-03-07 23:48:18,3.9833,13.1833,69.96,85,69,3.89,broken clouds
308,Ancud,CL,2021-03-07 23:44:30,-41.8697,-73.8203,62.6,59,0,10.36,clear sky
309,The Valley,AI,2021-03-07 23:48:18,18.217,-63.0578,79.0,78,75,14.97,broken clouds
310,Praia Da Vitoria,PT,2021-03-07 23:48:19,38.7333,-27.0667,61.0,100,75,16.35,mist
311,Mahibadhoo,MV,2021-03-07 23:48:20,3.7833,72.9667,82.99,67,14,6.13,few clouds
312,Hay River,CA,2021-03-07 23:45:09,60.8156,-115.7999,15.8,67,59,11.5,broken clouds
313,Ryazan,RU,2021-03-07 23:48:21,54.6197,39.74,17.01,84,55,11.52,broken clouds
314,Acajutla,SV,2021-03-07 23:45:27,13.5928,-89.8275,87.8,30,20,8.05,few clouds
315,Rantepao,ID,2021-03-07 23:48:21,-2.9701,119.8978,70.59,84,100,0.76,overcast clouds
316,Nuevo Casas Grandes,MX,2021-03-07 23:48:22,30.4167,-107.9167,73.99,14,28,3.0,scattered clouds
317,San Antonio,US,2021-03-07 23:43:50,29.4241,-98.4936,69.8,40,75,8.05,broken clouds
318,Hervey Bay,AU,2021-03-07 23:48:24,-25.2986,152.8535,84.0,54,40,9.22,scattered clouds
319,Padang,ID,2021-03-07 23:48:24,-0.9492,100.3543,73.4,94,75,2.3,broken clouds
320,Iqaluit,CA,2021-03-07 23:48:25,63.7506,-68.5145,-2.2,71,90,8.05,light snow
321,Khash,IR,2021-03-07 23:48:25,28.2211,61.2158,46.36,49,0,3.65,clear sky
322,Arona,ES,2021-03-07 23:48:26,28.0996,-16.681,64.0,67,20,6.91,few clouds
323,Maarianhamina,AX,2021-03-07 23:48:26,60.0973,19.9348,28.4,54,20,18.41,few clouds
324,Xichang,CN,2021-03-07 23:48:27,27.8964,102.2634,46.04,71,1,0.6,clear sky
325,Sycow,PL,2021-03-07 23:48:27,51.3081,17.7198,35.6,64,75,14.97,light snow
326,Campoverde,PE,2021-03-07 23:48:27,-8.4753,-74.8058,75.24,97,99,2.77,moderate rain
327,Carnarvon,AU,2021-03-07 23:48:28,-24.8667,113.6333,77.0,100,0,5.75,clear sky
328,Oranjemund,NA,2021-03-07 23:48:28,-28.55,16.4333,62.37,93,4,3.42,clear sky
329,Santiago Del Estero,AR,2021-03-07 23:48:29,-27.7951,-64.2615,77.81,42,0,1.68,clear sky
330,Havelock,US,2021-03-07 23:46:03,34.8791,-76.9013,46.4,57,1,10.36,clear sky
331,Wanning,CN,2021-03-07 23:48:29,18.8003,110.3967,73.13,90,14,7.56,few clouds
332,Alofi,NU,2021-03-07 23:48:30,-19.0595,-169.9187,82.4,18,75,9.22,light rain
333,Moose Factory,CA,2021-03-07 23:48:30,51.2585,-80.6094,14.0,37,1,6.91,clear sky
334,Poum,NC,2021-03-07 23:48:30,-20.2333,164.0167,78.67,74,12,8.03,few clouds
335,Portree,GB,2021-03-07 23:48:31,57.4129,-6.1942,44.01,93,100,4.0,overcast clouds
336,Payo,ID,2021-03-07 23:48:32,-3.7508,103.6372,71.26,86,82,0.76,broken clouds
337,Zhigansk,RU,2021-03-07 23:48:32,66.7697,123.3711,-11.18,89,100,10.94,overcast clouds
338,Poitiers,FR,2021-03-07 23:48:33,46.5833,0.3333,43.0,61,0,9.22,clear sky
339,Bardiyah,LY,2021-03-07 23:48:33,31.7561,25.0865,60.04,60,0,10.56,clear sky
340,Tual,ID,2021-03-07 23:48:33,-5.6667,132.75,82.92,77,90,12.57,overcast clouds
341,Muscle Shoals,US,2021-03-07 23:46:40,34.7448,-87.6675,62.6,23,1,2.86,clear sky
342,Coquimbo,CL,2021-03-07 23:48:34,-29.9533,-71.3436,62.6,88,75,9.22,broken clouds
343,Geraldton,AU,2021-03-07 23:48:35,-28.7667,114.6,80.6,50,0,17.27,clear sky
344,Faya,SA,2021-03-07 23:48:35,18.3851,42.4509,59.0,58,0,5.75,clear sky
345,Itaituba,BR,2021-03-07 23:48:36,-4.2761,-55.9836,84.2,74,20,1.7,few clouds
346,Micoud,LC,2021-03-07 23:48:37,13.8167,-60.9,80.6,69,20,18.41,few clouds
347,Nishihara,JP,2021-03-07 23:48:37,26.1842,127.7558,69.8,77,75,3.44,broken clouds
348,Henties Bay,NA,2021-03-07 23:48:38,-22.116,14.2845,66.61,75,2,4.14,clear sky
349,Mahon,ES,2021-03-07 23:48:39,39.8885,4.2658,51.8,93,90,12.66,overcast clouds
350,Tautira,PF,2021-03-07 23:48:40,-17.7333,-149.15,80.6,83,75,14.97,broken clouds
351,Bodinayakkanur,IN,2021-03-07 23:48:40,10.0167,77.35,70.23,82,3,2.75,clear sky
352,Erenhot,CN,2021-03-07 23:48:41,43.6475,111.9767,28.4,83,0,3.91,clear sky
353,Longyearbyen,SJ,2021-03-07 23:45:19,78.2186,15.6401,6.8,66,20,11.5,few clouds
354,Peniche,PT,2021-03-07 23:48:41,39.3558,-9.3811,53.01,72,70,8.01,broken clouds
355,Margate,GB,2021-03-07 23:45:07,51.3813,1.3862,37.99,71,0,1.01,clear sky
356,Kavaratti,IN,2021-03-07 23:48:43,10.5669,72.642,81.52,71,4,6.46,clear sky
357,Tromso,NO,2021-03-07 23:48:44,69.6496,18.957,24.8,80,100,10.36,light snow
358,Korla,CN,2021-03-07 23:48:44,41.7597,86.1469,40.33,66,100,2.73,overcast clouds
359,Mezen,RU,2021-03-07 23:48:44,65.8522,44.24,-19.52,87,1,6.53,clear sky
360,Orsha,BY,2021-03-07 23:48:44,54.5153,30.4053,21.18,94,39,12.03,scattered clouds
361,Severo-Kurilsk,RU,2021-03-07 23:48:45,50.6789,156.125,16.34,92,97,28.72,light snow
362,Carballo,ES,2021-03-07 23:48:45,43.213,-8.691,45.0,76,0,4.61,clear sky
363,Kysyl-Syr,RU,2021-03-07 23:48:45,63.8986,122.7617,-10.61,89,100,9.4,overcast clouds
364,Sawtell,AU,2021-03-07 23:48:46,-30.3833,153.1,81.0,65,39,10.36,scattered clouds
365,Klichka,RU,2021-03-07 23:48:46,50.4457,117.996,6.89,96,52,2.57,broken clouds
366,Linhares,BR,2021-03-07 23:48:47,-19.3911,-40.0722,75.11,95,97,4.43,moderate rain
367,Sao Felix Do Xingu,BR,2021-03-07 23:48:47,-6.6447,-51.995,73.8,93,96,1.07,moderate rain
368,Duncan,US,2021-03-07 23:48:47,34.5023,-97.9578,64.4,24,1,17.27,clear sky
369,Vitim,RU,2021-03-07 23:48:48,59.4511,112.5578,20.32,95,91,11.54,light snow
370,Freeport,US,2021-03-07 23:48:48,40.6576,-73.5832,39.2,38,1,8.05,clear sky
371,Oktyabrskiy,RU,2021-03-07 23:48:49,54.4815,53.471,13.95,95,100,16.69,light snow
372,Ilulissat,GL,2021-03-07 23:48:50,69.2167,-51.1,17.6,73,75,9.22,broken clouds
373,Seoul,KR,2021-03-07 23:47:04,37.5683,126.9778,33.8,93,0,2.3,mist
374,Price,US,2021-03-07 23:48:50,39.5994,-110.8107,60.8,17,1,7.85,clear sky
375,Sheopur,IN,2021-03-07 23:48:51,25.6667,76.7,68.41,27,0,3.74,clear sky
376,Ilhabela,BR,2021-03-07 23:46:27,-23.7781,-45.3581,73.92,84,93,5.86,overcast clouds
377,Beipiao,CN,2021-03-07 23:48:51,41.7919,120.7792,29.19,88,57,4.09,broken clouds
378,Cabudare,VE,2021-03-07 23:48:52,10.0289,-69.0894,74.95,82,15,6.13,few clouds
379,Bahia Blanca,AR,2021-03-07 23:48:52,-38.7196,-62.2724,75.34,57,100,12.75,overcast clouds
380,Moroni,KM,2021-03-07 23:48:53,-11.7022,43.2551,79.52,78,84,11.39,broken clouds
381,San Cristobal,VE,2021-03-07 23:46:37,7.7669,-72.225,80.6,74,75,2.3,broken clouds
382,Hingoli,IN,2021-03-07 23:48:54,19.7167,77.15,73.58,21,0,6.11,clear sky
383,Hofn,IS,2021-03-07 23:48:54,64.2539,-15.2082,37.98,75,23,6.44,few clouds
384,Simbahan,PH,2021-03-07 23:48:55,6.3032,120.5836,81.21,79,77,12.68,broken clouds
385,Mosquera,CO,2021-03-07 23:46:28,4.7059,-74.2302,59.0,88,75,4.61,broken clouds
386,Puteyets,RU,2021-03-07 23:48:56,65.1716,57.091,-20.61,88,85,4.25,overcast clouds
387,Kedrovoye,RU,2021-03-07 23:48:56,57.1576,60.5698,-13.0,84,7,2.24,fog
388,Yerbogachen,RU,2021-03-07 23:48:57,61.2767,108.0108,11.48,94,91,11.39,overcast clouds
389,Ellon,GB,2021-03-07 23:48:57,57.3641,-2.0731,42.8,93,90,2.3,moderate rain
390,Manjacaze,MZ,2021-03-07 23:48:58,-24.7117,33.8828,67.39,90,4,2.89,clear sky
391,Bama,NG,2021-03-07 23:48:59,11.5221,13.6856,69.75,21,57,4.65,broken clouds
392,Kelo,TD,2021-03-07 23:49:00,9.3086,15.8066,77.22,17,6,5.14,clear sky
393,Itarema,BR,2021-03-07 23:49:00,-2.9248,-39.9167,78.35,87,93,11.07,overcast clouds
394,Manakara,MG,2021-03-07 23:49:01,-22.1333,48.0167,73.13,89,13,7.4,few clouds
395,Aldan,RU,2021-03-07 23:49:01,58.6031,125.3894,10.42,93,100,11.81,overcast clouds
396,Bukan,IR,2021-03-07 23:49:02,36.521,46.2089,38.64,72,14,4.36,few clouds
397,Nefteyugansk,RU,2021-03-07 23:49:02,61.0998,72.6035,6.8,85,40,2.24,light snow
398,Camacha,PT,2021-03-07 23:49:03,33.0833,-16.3333,59.0,100,75,12.66,broken clouds
399,Dingli,MT,2021-03-07 23:49:03,35.8614,14.3822,57.2,82,75,16.11,broken clouds
400,Norman Wells,CA,2021-03-07 23:49:03,65.282,-126.8329,1.4,66,75,24.16,broken clouds
401,Mazatlan,MX,2021-03-07 23:49:04,23.2167,-106.4167,80.6,32,20,10.36,few clouds
402,Rio Grande,BR,2021-03-07 23:49:04,-32.035,-52.0986,72.0,82,0,10.78,clear sky
403,Turkistan,KZ,2021-03-07 23:49:05,43.0,68.0,45.55,69,82,9.55,broken clouds
404,Nizwa,OM,2021-03-07 23:49:05,22.9333,57.5333,64.18,32,0,1.19,clear sky
405,Ambilobe,MG,2021-03-07 23:49:06,-13.2,49.05,74.52,97,100,3.31,heavy intensity rain
406,Tete,MZ,2021-03-07 23:49:06,-16.1564,33.5867,71.6,100,0,3.24,clear sky
407,San Miguel De Cauri,PE,2021-03-07 23:49:07,-10.1,-76.5833,47.39,85,98,4.07,overcast clouds
408,Unity,CA,2021-03-07 23:49:07,52.4501,-109.1682,31.1,96,98,6.38,overcast clouds
409,Batagay-Alyta,RU,2021-03-07 23:49:07,67.8006,130.4114,-13.34,81,100,2.3,overcast clouds
410,Olafsvik,IS,2021-03-07 23:49:07,64.8945,-23.7142,40.62,74,99,17.0,overcast clouds
411,Palmira,CO,2021-03-07 23:49:08,3.5394,-76.3036,78.8,69,40,9.22,scattered clouds
412,Cairns,AU,2021-03-07 23:49:08,-16.9167,145.7667,84.2,70,40,4.61,scattered clouds
413,Great Falls,US,2021-03-07 23:47:36,47.5002,-111.3008,51.01,25,1,23.02,clear sky
414,Tura,IN,2021-03-07 23:45:23,25.5198,90.2201,63.88,46,0,3.18,clear sky
415,San Felipe,VE,2021-03-07 23:49:09,10.3399,-68.7425,72.19,90,65,4.38,broken clouds
416,Adelanto,US,2021-03-07 23:49:10,34.5828,-117.4092,66.99,14,100,5.99,overcast clouds
417,Byron Bay,AU,2021-03-07 23:49:11,-28.65,153.6167,78.8,65,40,6.91,scattered clouds
418,Hobyo,SO,2021-03-07 23:49:11,5.3505,48.5268,77.83,79,28,14.79,scattered clouds
419,Ahuimanu,US,2021-03-07 23:49:12,21.4447,-157.8378,82.4,61,1,10.36,clear sky
420,Maceio,BR,2021-03-07 23:48:07,-9.6658,-35.7353,77.0,88,20,5.75,few clouds
421,Luis Correia,BR,2021-03-07 23:49:13,-2.8792,-41.6669,79.09,82,92,10.6,overcast clouds
422,Ende,ID,2021-03-07 23:49:13,-8.8432,121.6623,81.32,74,27,1.59,scattered clouds
423,Klaksvik,FO,2021-03-07 23:49:14,62.2266,-6.589,41.0,100,75,1.14,broken clouds
424,Puerto Leguizamo,CO,2021-03-07 23:49:14,-0.1934,-74.7819,71.85,98,100,2.15,light rain
425,Gao,ML,2021-03-07 23:49:15,16.6362,1.637,82.11,15,27,8.95,scattered clouds
426,Qeshm,IR,2021-03-07 23:49:15,26.9581,56.2719,69.8,73,0,4.61,clear sky
427,Staryy Nadym,RU,2021-03-07 23:49:15,65.6118,72.6842,-8.23,91,99,8.37,overcast clouds
428,Genhe,CN,2021-03-07 23:45:04,50.7833,121.5167,9.03,94,63,2.33,broken clouds
429,Acapulco,MX,2021-03-07 23:48:35,16.8634,-99.8901,84.2,70,20,10.36,few clouds
430,Guilin,CN,2021-03-07 23:45:08,25.2819,110.2864,50.0,87,90,6.71,overcast clouds
431,Staicele,LV,2021-03-07 23:49:18,57.8364,24.75,23.0,89,82,4.0,broken clouds
432,Vidim,RU,2021-03-07 23:49:18,56.4088,103.1106,11.05,94,100,10.96,overcast clouds
433,Ritterhude,DE,2021-03-07 23:49:19,53.1811,8.7216,35.6,93,75,5.75,broken clouds
434,Paamiut,GL,2021-03-07 23:49:19,61.994,-49.6678,27.97,97,98,7.4,overcast clouds
435,Lakhtar,IN,2021-03-07 23:49:20,22.85,71.7833,67.71,74,0,8.14,clear sky
436,Grande Prairie,CA,2021-03-07 23:47:37,55.1667,-118.8027,37.4,52,75,0.65,broken clouds
437,Vao,NC,2021-03-07 23:49:21,-22.6667,167.4833,75.27,75,27,16.35,scattered clouds
438,Taoudenni,ML,2021-03-07 23:49:21,22.6783,-3.9836,69.57,22,0,9.06,clear sky
439,Valparaiso,CL,2021-03-07 23:49:21,-33.0393,-71.6273,69.8,60,0,13.8,clear sky
440,Beni,CD,2021-03-07 23:49:22,0.5,29.4667,62.89,94,96,2.04,overcast clouds
441,Forestville,US,2021-03-07 23:49:22,38.8451,-76.875,44.6,26,1,5.75,clear sky
442,Port Hedland,AU,2021-03-07 23:49:23,-20.3167,118.5667,84.2,70,40,9.22,scattered clouds
443,Praia,CV,2021-03-07 23:49:23,14.9215,-23.5087,68.0,73,0,21.85,clear sky
444,Bonthe,SL,2021-03-07 23:49:24,7.5264,-12.505,78.39,87,2,4.52,clear sky
445,La Ronge,CA,2021-03-07 23:49:24,55.1001,-105.2842,44.6,42,29,3.44,scattered clouds
446,Vredendal,ZA,2021-03-07 23:49:25,-31.6683,18.5012,64.06,69,58,13.42,broken clouds
447,Nelson Bay,AU,2021-03-07 23:49:25,-32.7167,152.15,78.01,73,0,5.75,moderate rain
448,Boguchany,RU,2021-03-07 23:49:26,58.3814,97.4531,8.67,93,95,6.2,overcast clouds
449,Charters Towers,AU,2021-03-07 23:49:26,-20.1,146.2667,80.65,58,25,15.55,scattered clouds
450,San Vicente,AR,2021-03-07 23:49:26,-26.6167,-54.1333,66.51,75,0,3.44,clear sky
451,Quatre Cocos,MU,2021-03-07 23:49:27,-20.2078,57.7625,78.01,88,40,4.61,scattered clouds
452,Guarapari,BR,2021-03-07 23:49:27,-20.6667,-40.4975,82.0,94,90,6.91,heavy intensity rain
453,Nago,JP,2021-03-07 23:49:28,26.5881,127.9761,68.0,94,90,4.61,overcast clouds
454,Severnyy-Kospashskiy,RU,2021-03-07 23:49:28,59.0925,57.8008,-2.99,76,97,3.33,overcast clouds
455,Mazamari,PE,2021-03-07 23:49:28,-11.3258,-74.5308,72.64,82,85,1.59,overcast clouds
456,Teguise,ES,2021-03-07 23:49:29,29.0605,-13.564,62.6,72,40,6.91,scattered clouds
457,Salinopolis,BR,2021-03-07 23:49:30,-0.6136,-47.3561,78.33,87,100,10.2,overcast clouds
458,Belmonte,BR,2021-03-07 23:49:30,-15.8631,-38.8828,78.8,83,0,12.66,clear sky
459,Odesskoye,RU,2021-03-07 23:49:31,54.2111,72.9651,31.06,98,100,21.68,snow
460,Yumen,CN,2021-03-07 23:49:31,40.2833,97.2,30.65,80,7,9.71,clear sky
461,Ishinomaki,JP,2021-03-07 23:49:31,38.4167,141.3,33.8,60,75,5.75,broken clouds
462,Saint Anthony,US,2021-03-07 23:49:32,45.0205,-93.218,62.6,51,20,12.66,few clouds
463,Banjar,ID,2021-03-07 23:49:32,-8.19,114.9675,79.7,75,93,1.48,overcast clouds
464,Sandwick,GB,2021-03-07 23:49:33,60.0,-1.25,41.0,75,75,16.11,broken clouds
465,Karasjok,NO,2021-03-07 23:49:33,69.4719,25.5112,19.4,93,40,9.22,scattered clouds
466,Victor Harbor,AU,2021-03-07 23:49:34,-35.5667,138.6167,68.0,78,43,12.33,scattered clouds
467,Cayenne,GF,2021-03-07 23:49:34,4.9333,-52.3333,79.0,89,40,4.61,scattered clouds
468,Comodoro Rivadavia,AR,2021-03-07 23:44:47,-45.8667,-67.5,60.8,27,0,19.57,clear sky
469,Talnakh,RU,2021-03-07 23:49:35,69.4865,88.3972,-12.01,89,100,4.7,overcast clouds
470,Catamarca,AR,2021-03-07 23:49:35,-28.4696,-65.7852,70.0,80,9,1.99,clear sky
471,Kieta,PG,2021-03-07 23:49:36,-6.2167,155.6333,82.63,70,100,1.88,light rain
472,Luderitz,NA,2021-03-07 23:49:36,-26.6481,15.1594,65.86,63,0,14.38,clear sky
473,Richards Bay,ZA,2021-03-07 23:49:37,-28.783,32.0377,73.04,85,89,8.81,overcast clouds
474,Medicine Hat,CA,2021-03-07 23:47:02,50.0501,-110.6683,51.01,27,20,24.16,few clouds
475,Kaeo,NZ,2021-03-07 23:49:38,-35.1,173.7833,71.01,66,28,4.0,scattered clouds
476,Okhotsk,RU,2021-03-07 23:49:39,59.3833,143.3,-12.03,80,0,13.65,clear sky
477,Asau,RO,2021-03-07 23:49:39,46.4333,26.4,28.4,64,19,5.75,few clouds
478,Zory,PL,2021-03-07 23:49:40,50.0452,18.7006,30.99,82,49,5.41,scattered clouds
479,Nanortalik,GL,2021-03-07 23:49:40,60.1432,-45.2371,29.88,97,100,16.26,light snow
480,College,US,2021-03-07 23:44:43,64.8569,-147.8028,19.0,85,75,1.5,broken clouds
481,Pangnirtung,CA,2021-03-07 23:49:41,66.1451,-65.7125,-4.22,81,9,1.41,clear sky
482,Port Blair,IN,2021-03-07 23:45:16,11.6667,92.75,79.11,77,3,8.41,clear sky
483,Buala,SB,2021-03-07 23:49:42,-8.145,159.5921,84.76,70,100,5.59,light rain
484,Mill Valley,US,2021-03-07 23:49:43,37.906,-122.545,59.0,60,38,5.01,scattered clouds
485,Lagunas,PE,2021-03-07 23:49:43,-5.2269,-75.6753,72.84,98,100,2.73,overcast clouds
486,Sorong,ID,2021-03-07 23:49:44,-0.8833,131.25,82.42,73,89,2.8,overcast clouds
487,San Rafael,AR,2021-03-07 23:49:44,-34.6177,-68.3301,86.41,27,42,10.22,scattered clouds
488,Yamada,JP,2021-03-07 23:49:45,39.4667,141.95,39.61,57,0,1.45,clear sky
489,Agnibilekrou,CI,2021-03-07 23:49:45,7.1344,-3.2047,74.97,92,99,4.94,overcast clouds
490,Cockburn Town,TC,2021-03-07 23:47:06,21.4612,-71.1419,78.8,78,20,4.61,few clouds
491,Birjand,IR,2021-03-07 23:49:46,32.8663,59.2211,35.6,44,0,6.91,clear sky
492,Drochia,MD,2021-03-07 23:49:46,48.035,27.8161,31.86,89,48,5.79,scattered clouds
493,Coahuayana,MX,2021-03-07 23:49:47,18.7333,-103.6833,84.2,42,1,11.5,clear sky
494,Los Alamos,US,2021-03-07 23:49:47,35.8881,-106.307,64.4,18,1,6.91,clear sky
495,Bafra,TR,2021-03-07 23:49:48,41.5678,35.9069,37.4,87,75,3.44,broken clouds
496,Tiznit,MA,2021-03-07 23:49:48,29.5833,-9.5,53.02,89,88,8.21,overcast clouds
497,Pervomayskiy,RU,2021-03-07 23:49:49,53.2485,40.2871,18.52,95,67,12.1,broken clouds
498,Dingzhou,CN,2021-03-07 23:49:49,38.5131,114.9956,28.4,93,1,2.24,mist
499,Manicore,BR,2021-03-07 23:49:50,-5.8092,-61.3003,78.19,81,65,2.48,broken clouds
500,Manaure,CO,2021-03-07 23:49:50,11.7751,-72.4445,81.36,71,83,21.25,broken clouds
501,Gladstone,AU,2021-03-07 23:49:51,-23.85,151.25,82.4,57,75,11.5,light rain
502,Sturgeon Falls,CA,2021-03-07 23:49:52,46.3646,-79.9326,12.2,34,20,4.61,few clouds
503,Kommunisticheskiy,RU,2021-03-07 23:49:52,61.6789,64.4819,-5.35,92,83,2.75,broken clouds
504,Tornio,FI,2021-03-07 23:49:53,65.8481,24.1466,15.8,92,90,3.44,light rain
505,Bergen,NO,2021-03-07 23:49:53,60.392,5.328,32.0,64,0,3.44,clear sky
506,Sobolevo,RU,2021-03-07 23:49:54,54.4299,31.8996,19.92,96,65,11.12,broken clouds
507,Murray Bridge,AU,2021-03-07 23:49:54,-35.1167,139.2667,63.0,74,16,11.79,few clouds
508,Chhapar,IN,2021-03-07 23:49:54,27.8167,74.4,71.04,37,2,9.4,clear sky
509,Snyder,US,2021-03-07 23:46:15,32.7179,-100.9176,64.4,34,1,16.11,clear sky
510,Msanga,TZ,2021-03-07 23:49:55,-6.05,36.0333,64.53,93,41,2.28,scattered clouds
511,Ranong,TH,2021-03-07 23:49:56,9.9658,98.6348,71.6,94,40,4.27,scattered clouds
512,Kalianget,ID,2021-03-07 23:49:56,-7.05,113.9333,79.38,80,99,9.51,overcast clouds
513,Sosnovo-Ozerskoye,RU,2021-03-07 23:49:56,52.5249,111.5418,11.14,96,93,6.76,overcast clouds
514,Ariquemes,BR,2021-03-07 23:49:57,-9.9133,-63.0408,76.91,92,59,1.12,broken clouds
515,Monroe,US,2021-03-07 23:49:25,43.1501,-77.6831,26.6,54,20,6.91,few clouds
516,Khao Yoi,TH,2021-03-07 23:49:58,13.2403,99.8243,77.0,99,8,1.59,clear sky
517,Yurla,RU,2021-03-07 23:49:58,59.3259,54.3223,0.82,94,96,6.13,overcast clouds
518,Walvis Bay,NA,2021-03-07 23:49:58,-22.9575,14.5053,60.8,88,0,11.5,clear sky
519,Amapala,HN,2021-03-07 23:49:59,13.2922,-87.6539,96.8,66,20,3.44,few clouds
520,Asosa,ET,2021-03-07 23:49:59,10.0667,34.5333,68.74,29,46,3.09,scattered clouds
521,Anloga,GH,2021-03-07 23:50:00,5.7947,0.8973,84.2,84,20,13.8,few clouds
522,Deputatskiy,RU,2021-03-07 23:50:00,69.3,139.9,-17.39,87,100,5.66,overcast clouds
523,Roebourne,AU,2021-03-07 23:50:00,-20.7833,117.1333,83.3,69,0,11.01,clear sky
524,Honningsvag,NO,2021-03-07 23:50:01,70.9821,25.9704,29.46,87,93,20.58,overcast clouds
525,Meulaboh,ID,2021-03-07 23:50:01,4.1363,96.1285,76.01,85,89,4.76,overcast clouds
526,Lakes Entrance,AU,2021-03-07 23:50:01,-37.8811,147.981,73.99,55,100,1.01,overcast clouds
527,Kapit,MY,2021-03-07 23:50:02,2.0167,112.9333,74.23,94,100,1.52,overcast clouds
528,Kasongo-Lunda,CD,2021-03-07 23:50:02,-6.4667,16.8167,69.39,93,100,1.45,light rain
529,Mecca,SA,2021-03-07 23:50:02,21.4267,39.8261,74.8,56,0,3.02,clear sky
530,Vrangel,RU,2021-03-07 23:50:03,42.7297,133.0839,27.43,87,0,5.35,clear sky
531,Amahai,ID,2021-03-07 23:50:04,-3.3333,128.9167,81.72,73,40,4.63,scattered clouds
532,Port Hardy,CA,2021-03-07 23:50:04,50.6996,-127.4199,44.6,70,75,13.8,light rain
533,Phan Thiet,VN,2021-03-07 23:50:05,10.9333,108.1,74.41,67,27,6.85,scattered clouds
534,Russell,US,2021-03-07 23:45:09,32.3502,-85.1999,64.4,20,1,8.05,clear sky
535,Okha,RU,2021-03-07 23:50:06,53.5739,142.9478,2.68,89,16,14.27,few clouds
536,Aguia Branca,BR,2021-03-07 23:50:06,-18.9831,-40.7403,75.47,89,96,2.39,overcast clouds
537,Usinsk,RU,2021-03-07 23:50:07,65.9939,57.5281,-23.17,87,54,5.97,broken clouds
538,Liverpool,GB,2021-03-07 23:50:07,53.4106,-2.9779,39.2,87,31,2.3,scattered clouds
539,Harper,LR,2021-03-07 23:50:08,4.375,-7.7169,79.0,86,40,6.93,scattered clouds
540,Nemuro,JP,2021-03-07 23:50:08,43.3236,145.575,24.8,54,20,8.05,few clouds
541,Opuwo,NA,2021-03-07 23:50:09,-18.0607,13.84,72.72,52,74,9.98,light rain
542,Yatou,CN,2021-03-07 23:50:09,37.15,122.3833,36.82,66,0,1.23,clear sky
543,Kosh-Agach,RU,2021-03-07 23:50:10,50.0,88.6667,1.96,81,97,1.88,overcast clouds
544,Ushibuka,JP,2021-03-07 23:50:10,32.1906,130.0228,53.02,75,61,10.38,broken clouds
545,Wahiawa,US,2021-03-07 23:50:11,21.5028,-158.0236,82.4,61,20,11.5,few clouds
546,Tucumcari,US,2021-03-07 23:45:28,35.1717,-103.725,71.6,18,1,10.36,clear sky
547,Ginir,ET,2021-03-07 23:50:12,7.1333,40.7,56.43,36,0,2.98,clear sky
548,Vila Franca Do Campo,PT,2021-03-07 23:50:13,37.7167,-25.4333,60.8,94,75,4.61,broken clouds
549,Zyryanovsk,KZ,2021-03-07 23:50:13,49.7386,84.2719,10.08,90,83,0.43,broken clouds
550,Porto Walter,BR,2021-03-07 23:50:14,-8.2686,-72.7439,74.57,89,23,1.9,light rain
551,Beyneu,KZ,2021-03-07 23:50:15,45.3167,55.2,27.82,88,0,5.28,clear sky
552,Mana,GF,2021-03-07 23:50:15,5.6592,-53.7767,77.52,86,48,13.18,scattered clouds
553,West Wendover,US,2021-03-07 23:50:16,40.7391,-114.0733,55.4,26,1,6.91,clear sky
554,Turukhansk,RU,2021-03-07 23:50:16,65.8167,87.9833,-14.93,90,100,6.42,overcast clouds
555,Champerico,GT,2021-03-07 23:50:16,14.3,-91.9167,87.8,58,40,6.91,scattered clouds
556,Mayumba,GA,2021-03-07 23:50:16,-3.432,10.6554,77.54,83,45,3.47,scattered clouds
557,Bebedouro,BR,2021-03-07 23:50:17,-20.9494,-48.4792,68.63,95,100,2.26,overcast clouds
558,Bam,IR,2021-03-07 23:50:18,29.106,58.357,55.96,36,0,0.65,clear sky
559,Fukue,JP,2021-03-07 23:50:18,32.6881,128.8419,51.8,71,75,20.71,broken clouds
560,Campbell River,CA,2021-03-07 23:50:00,50.0163,-125.2446,45.0,70,75,9.22,broken clouds
561,Los Llanos De Aridane,ES,2021-03-07 23:50:19,28.6585,-17.9182,64.4,68,0,6.91,clear sky
562,Krasnoye,UA,2021-03-07 23:50:20,49.9145,24.6134,33.8,69,75,11.18,broken clouds
563,Ballinasloe,IE,2021-03-07 23:50:20,53.3275,-8.2194,40.15,93,98,5.68,overcast clouds
564,Fernie,CA,2021-03-07 23:50:21,49.5,-115.0687,37.4,86,89,8.05,overcast clouds
565,Gewane,ET,2021-03-07 23:50:22,10.1664,40.6453,70.59,26,0,2.46,clear sky
566,Ulaanbaatar,MN,2021-03-07 23:50:22,47.9077,106.8832,6.8,78,0,1.14,clear sky
567,Sao Filipe,CV,2021-03-07 23:50:23,14.8961,-24.4956,70.18,76,6,13.44,clear sky
568,Solnechnyy,RU,2021-03-07 23:50:23,50.7214,136.6319,9.5,88,4,4.07,clear sky
569,Northam,GB,2021-03-07 23:50:24,51.0333,-4.2167,30.0,80,26,1.99,scattered clouds
570,Antofagasta,CL,2021-03-07 23:46:00,-23.65,-70.4,68.0,77,40,12.66,scattered clouds
571,Chaves,US,2021-03-07 23:50:25,33.3834,-104.4505,71.6,20,1,16.11,clear sky
572,Vieques,PR,2021-03-07 23:50:25,18.425,-65.8329,82.4,57,20,9.22,few clouds
573,Varkaus,FI,2021-03-07 23:50:26,62.3153,27.873,15.8,79,75,14.97,light snow
574,Dogondoutchi,NE,2021-03-07 23:50:26,13.6393,4.0287,82.13,14,92,8.14,overcast clouds
575,Pisco,PE,2021-03-07 23:50:26,-13.7,-76.2167,75.2,73,0,21.85,moderate rain
576,Barao De Melgaco,BR,2021-03-07 23:50:27,-16.1944,-55.9675,78.8,83,75,4.61,broken clouds
577,Bull Savanna,JM,2021-03-07 23:50:28,17.8868,-77.5902,75.49,76,33,3.58,scattered clouds
578,Porto Santo,PT,2021-03-07 23:50:28,33.072,-16.3415,59.0,100,75,12.66,broken clouds
579,Tulun,RU,2021-03-07 23:50:29,54.5611,100.5792,9.34,92,93,7.07,overcast clouds
580,Leh,IN,2021-03-07 23:50:30,34.1667,77.5833,17.71,85,100,3.18,overcast clouds
581,Kruisfontein,ZA,2021-03-07 23:50:30,-34.0033,24.7314,66.0,88,45,1.01,scattered clouds
582,Podgornoye,RU,2021-03-07 23:50:30,51.735,39.1496,30.2,86,90,6.71,light snow
583,Khomutovka,RU,2021-03-07 23:50:31,51.9207,34.5619,26.31,98,100,7.7,light snow
584,Amga,RU,2021-03-07 23:50:32,60.8953,131.9608,-2.51,91,100,4.79,light snow
585,Churachandpur,IN,2021-03-07 23:50:32,24.3333,93.6667,50.99,75,0,1.83,clear sky
586,Kondinskoye,RU,2021-03-07 23:50:33,59.6481,67.41,2.61,94,100,6.58,overcast clouds
587,Tonekabon,IR,2021-03-07 23:49:17,36.8163,50.8738,48.2,100,90,4.61,overcast clouds
588,Huilong,CN,2021-03-07 23:50:33,31.8111,121.655,52.0,86,13,4.0,few clouds
589,Novaya Mayna,RU,2021-03-07 23:50:34,54.15,49.75,24.8,86,90,13.42,snow
590,The Pas,CA,2021-03-07 23:50:35,53.8251,-101.2541,44.6,45,1,12.66,clear sky
591,Yueyang,CN,2021-03-07 23:50:35,29.3333,113.0919,48.49,88,100,2.24,light rain
592,Marawi,PH,2021-03-07 23:50:35,7.9986,124.2928,74.41,72,89,1.28,overcast clouds
593,Sambava,MG,2021-03-07 23:50:36,-14.2667,50.1667,75.83,90,100,4.27,overcast clouds
594,Ewa Beach,US,2021-03-07 23:50:36,21.3156,-158.0072,82.4,44,20,9.22,few clouds
595,Morondava,MG,2021-03-07 23:50:37,-20.2833,44.2833,75.72,81,1,5.75,clear sky
596,Bilma,NE,2021-03-07 23:50:37,18.6853,12.9164,71.06,18,0,3.24,clear sky
597,Machaneng,BW,2021-03-07 23:50:38,-23.1862,27.4886,73.49,46,15,6.17,few clouds
598,Nioro,GM,2021-03-07 23:50:38,13.35,-15.75,79.92,20,0,7.58,clear sky
599,Peterhead,GB,2021-03-07 23:48:30,57.5058,-1.7981,42.8,93,90,2.3,moderate rain
600,Milove,UA,2021-03-07 23:50:39,49.3787,40.1302,28.6,92,75,17.6,broken clouds
601,Yambio,SS,2021-03-07 23:50:40,4.5721,28.3955,76.42,41,98,6.15,overcast clouds
602,Gizo,SB,2021-03-07 23:50:41,-8.103,156.8419,84.11,70,100,7.45,overcast clouds
603,Young,UY,2021-03-07 23:50:41,-32.6833,-57.6333,77.0,60,0,6.11,clear sky
604,Kuusamo,FI,2021-03-07 23:50:42,65.9667,29.1833,-4.0,84,75,3.44,broken clouds
605,Evensk,RU,2021-03-07 23:50:43,61.95,159.2333,-19.1,76,0,6.04,clear sky
606,Rio Gallegos,AR,2021-03-07 23:50:43,-51.6226,-69.2181,50.0,40,20,29.93,few clouds
607,Doha,QA,2021-03-07 23:50:44,25.2867,51.5333,62.6,59,0,3.44,clear sky
608,Quang Ngai,VN,2021-03-07 23:50:44,15.1167,108.8,73.62,86,60,0.36,broken clouds
609,Shimoda,JP,2021-03-07 23:50:45,34.6667,138.95,48.2,93,75,13.8,broken clouds
610,Sao Joao Dos Patos,BR,2021-03-07 23:50:45,-6.495,-43.7022,73.02,93,71,2.08,broken clouds
611,Algeciras,ES,2021-03-07 23:50:45,36.1333,-5.4505,57.2,88,40,8.05,scattered clouds
612,Rafraf,TN,2021-03-07 23:50:46,37.1904,10.1837,59.0,77,20,9.22,few clouds
613,Swan River,CA,2021-03-07 23:50:46,52.1058,-101.2676,42.8,49,12,11.5,few clouds
614,Shaki,AZ,2021-03-07 23:50:47,41.0833,47.1667,35.6,93,90,4.45,overcast clouds
615,General Salgado,BR,2021-03-07 23:50:47,-20.6483,-50.3606,69.71,95,34,4.65,scattered clouds
616,Bang Saphan,TH,2021-03-07 23:50:48,11.2126,99.5117,75.2,94,40,3.4,scattered clouds
617,La Ciotat,FR,2021-03-07 23:50:49,43.1748,5.6045,48.99,89,100,1.01,overcast clouds
618,Yeppoon,AU,2021-03-07 23:47:36,-23.1333,150.7333,86.0,51,40,8.05,scattered clouds
619,Portugalete,ES,2021-03-07 23:50:49,43.321,-3.0206,45.0,93,0,2.3,clear sky
620,Ayan,RU,2021-03-07 23:50:50,56.45,138.1667,8.28,86,5,5.88,clear sky
621,Ornskoldsvik,SE,2021-03-07 23:50:50,63.2909,18.7153,23.0,54,12,8.05,few clouds
622,Isla Mujeres,MX,2021-03-07 23:50:51,21.2311,-86.731,77.0,61,40,12.66,scattered clouds
623,Brokopondo,SR,2021-03-07 23:50:52,4.75,-55.1667,77.99,86,100,11.79,overcast clouds
624,Chimbote,PE,2021-03-07 23:50:52,-9.0853,-78.5783,74.55,76,96,7.58,overcast clouds
625,Half Moon Bay,US,2021-03-07 23:50:53,37.4636,-122.4286,59.0,82,75,11.5,broken clouds
626,Roald,NO,2021-03-07 23:50:53,62.5833,6.1333,32.0,80,100,10.36,overcast clouds
627,Along,IN,2021-03-07 23:50:54,28.1667,94.7667,54.3,70,6,2.21,clear sky
628,Pahrump,US,2021-03-07 23:50:54,36.2083,-115.9839,72.0,18,100,4.0,overcast clouds
629,Fare,PF,2021-03-07 23:50:55,-16.7,-151.0167,82.58,76,97,19.98,overcast clouds
630,Mahajanga,MG,2021-03-07 23:50:56,-15.7167,46.3167,77.0,94,40,1.14,moderate rain
631,Kamina,CD,2021-03-07 23:50:56,-8.7386,24.9906,63.63,96,100,7.83,overcast clouds
632,Kargil,IN,2021-03-07 23:50:57,34.5667,76.1,12.38,86,58,1.48,broken clouds
633,Taksimo,RU,2021-03-07 23:50:57,56.3444,114.8794,5.65,89,93,2.01,overcast clouds
634,Sayyan,YE,2021-03-07 23:50:58,15.1718,44.3244,51.26,45,0,3.38,clear sky
635,Constantine,DZ,2021-03-07 23:50:58,36.365,6.6147,50.0,87,75,4.61,broken clouds
636,San Ignacio,BZ,2021-03-07 23:50:59,17.1561,-89.0714,80.6,69,75,6.91,broken clouds
637,Kozulka,UA,2021-03-07 23:50:59,50.0351,23.797,33.8,69,75,11.18,broken clouds
638,Verkhnyaya Inta,RU,2021-03-07 23:50:59,65.9811,60.3094,-23.76,87,35,2.1,scattered clouds
639,Novokruchininskiy,RU,2021-03-07 23:51:00,51.7833,113.7667,5.0,85,93,2.24,overcast clouds
640,Whitehorse,CA,2021-03-07 23:51:00,60.7161,-135.0538,21.99,49,75,5.75,broken clouds
641,Taltal,CL,2021-03-07 23:51:01,-25.4,-70.4833,67.19,75,18,6.42,few clouds
642,Basse-Pointe,MQ,2021-03-07 23:51:01,14.8695,-61.115,78.8,69,75,10.36,broken clouds
643,Batagay,RU,2021-03-07 23:51:01,67.6333,134.6333,-17.7,85,99,4.29,overcast clouds
644,Tahoua,NE,2021-03-07 23:51:02,14.8888,5.2692,81.36,14,57,10.85,broken clouds
645,Bereda,ES,2021-03-07 23:51:02,43.2686,-7.5406,43.0,89,59,11.99,broken clouds
646,Pingliang,CN,2021-03-07 23:51:03,35.5392,106.6861,38.59,79,100,4.09,overcast clouds
647,Qobustan,AZ,2021-03-07 23:51:04,40.0824,49.412,30.2,86,0,2.3,clear sky
648,Chapeco,BR,2021-03-07 23:51:04,-27.0964,-52.6183,63.72,89,0,2.98,clear sky
649,Sadovoye,RU,2021-03-07 23:51:05,47.7764,44.5089,28.89,88,0,17.72,clear sky
650,Azul,AR,2021-03-07 23:51:05,-36.777,-59.8585,80.01,43,50,3.0,moderate rain
651,San Francisco,US,2021-03-07 23:50:23,37.7749,-122.4194,59.0,62,20,12.66,few clouds
652,Umkomaas,ZA,2021-03-07 23:51:06,-30.2067,30.7978,75.99,89,80,3.0,broken clouds
653,Mount Gambier,AU,2021-03-07 23:51:06,-37.8333,140.7667,59.0,94,75,13.8,broken clouds
654,Fallon,US,2021-03-07 23:51:06,39.4735,-118.7774,60.8,17,75,4.61,broken clouds
655,North Bend,US,2021-03-07 23:51:07,43.4065,-124.2243,52.0,50,1,9.22,clear sky
656,Kuruman,ZA,2021-03-07 23:51:07,-27.4524,23.4325,67.91,29,0,2.93,clear sky
657,Hanmer Springs,NZ,2021-03-07 23:51:08,-42.5167,172.8167,58.78,47,90,3.58,overcast clouds
658,Santa Rosa,PH,2021-03-07 23:51:08,14.3122,121.1114,80.01,69,40,3.44,scattered clouds
659,Tamandare,BR,2021-03-07 23:51:09,-8.7597,-35.1047,78.84,79,5,8.72,clear sky
660,Abancay,PE,2021-03-07 23:51:09,-13.6339,-72.8814,59.36,69,80,4.23,broken clouds
661,Clyde River,CA,2021-03-07 23:51:09,70.4692,-68.5914,-23.8,76,1,2.3,clear sky
662,Benidorm,ES,2021-03-07 23:51:10,38.5382,-0.131,53.01,94,100,8.05,overcast clouds
663,Tongliao,CN,2021-03-07 23:51:10,43.6125,122.2653,29.05,79,63,11.95,broken clouds
664,Tunceli,TR,2021-03-07 23:51:11,39.1083,39.5471,41.0,100,75,3.44,light rain
665,Mahanoro,MG,2021-03-07 23:51:11,-19.9,48.8,74.82,88,11,9.78,few clouds
666,Chifeng,CN,2021-03-07 23:51:12,42.2683,118.9636,32.65,80,20,4.9,few clouds
667,Sompeta,IN,2021-03-07 23:51:12,18.9333,84.6,72.01,68,0,7.25,clear sky
668,Dwarka,IN,2021-03-07 23:51:13,22.2394,68.9678,74.73,84,0,7.74,clear sky
669,Mildura,AU,2021-03-07 23:47:01,-34.2,142.15,68.0,77,90,2.3,overcast clouds
670,Altay,CN,2021-03-07 23:51:13,47.8667,88.1167,23.4,77,94,2.84,overcast clouds
671,Vanavara,RU,2021-03-07 23:51:14,60.34,102.2797,16.63,96,100,9.93,overcast clouds
672,Abu Kamal,SY,2021-03-07 23:51:14,34.4506,40.9171,56.86,42,0,4.36,clear sky
673,Fayaoue,NC,2021-03-07 23:51:15,-20.65,166.5333,78.44,73,10,12.46,clear sky
674,Kawardha,IN,2021-03-07 23:51:15,22.0167,81.25,66.74,25,0,1.9,clear sky
675,Esperance,AU,2021-03-07 23:51:16,-33.8667,121.9,64.4,88,70,5.75,broken clouds
676,Ugoofaaru,MV,2021-03-07 23:51:16,5.6667,73.0,82.72,67,12,6.87,few clouds
677,Fresno,US,2021-03-07 23:51:16,36.6666,-119.8343,64.99,36,90,3.44,overcast clouds
678,Twentynine Palms,US,2021-03-07 23:51:17,34.1356,-116.0542,75.99,18,1,8.05,clear sky
679,Shingu,JP,2021-03-07 23:51:17,33.7333,135.9833,50.0,100,75,6.91,broken clouds
680,Itapaci,BR,2021-03-07 23:51:18,-14.9508,-49.5494,71.1,87,57,0.96,broken clouds
681,Sarny,UA,2021-03-07 23:51:18,51.338,26.6019,30.51,96,98,13.04,light snow
682,Burnie,AU,2021-03-07 23:51:19,-41.0667,145.9167,62.01,89,100,3.0,light rain
